ID,Type,Varenummer,Navn,Udgivet,"Er fremhævet (udvalgt)?","Synlighed i katalog (shoppens frontend)","Kort beskrivelse",Beskrivelse,"Den dato hvor tilbudsprisen starter","Den dato hvor tilbudsprisen slutter",Momsstatus,Momsklasse,"På lager?",Lager,"Lavt lagerantal","Restordrer tilladt?","Sælges enkeltvist?","Vægt (kg)","Længde (cm)","Bredde (cm)","Højde (cm)","Tillad kundeanmeldelser?","Bemærkning til køb",Tilbudspris,Normalpris,Kategorier,Tags,Forsendelsesklasse,Billeder,Downloadbegrænsning,"Download udløbsdage",Forældre,"Grupperede varer",Mersalg,Krydssalg,"Ekstern URL (webadresse)","Knap tekst",Position,"Meta: hf_lager","Meta: _hf_lager","Meta: gf_lager","Meta: _gf_lager","Meta: skp_lager","Meta: _skp_lager","Meta: Techdesken","Meta: _Techdesken","Meta: Kælderen","Meta: _Kælderen","Meta: Servicedesken","Meta: _Servicedesken","Meta: _atum_attachments","Egenskab 1 navn","Egenskab 1 værdi(er)","Egenskab 1 er synlig","Egenskab 1 globalt","Egenskab 2 navn","Egenskab 2 værdi(er)","Egenskab 2 er synlig","Egenskab 2 globalt","Meta: _out_of_stock_date","Egenskab 1 standard","Meta: _wp_old_date"
96,simple,04,"Rack Servers",1,0,visible,,"Rack Servers til serverrum.\n\nMed Raid Controller\n\n&nbsp;",,,taxable,,1,19,,0,0,,,,,0,,,0,"Computer, Lagring &amp; HDD",HF,,https://inventar.ats-skpdatait.dk/wp-content/uploads/2018/06/hp-server.png,,,,,,,,,0,19,field_5bb49aae26abd,0,field_5bb49b0526abe,6,field_5bb49b2026abf,2,field_5bb49aae26abd,0,field_5bb49b0526abe,0,field_5bb49b2026abf,,,,,,,,,,,
98,simple,03,"HP MicroServer",1,0,visible,,"HP Microserver Gen8\nIndeholder:\n\n8GB RAM\n\n2+ TB HDD\n\nIntel Xeon 1220L 2,3Ghz CPU\n\n&nbsp;",,,taxable,,1,2,,0,0,,,,,0,,,0,Computer,HF,,https://inventar.ats-skpdatait.dk/wp-content/uploads/2018/06/Hp-Proliant.png,,,,,,,,,0,5,field_5bb49aae26abd,0,field_5bb49b0526abe,3,field_5bb49b2026abf,3,field_5bb49aae26abd,0,field_5bb49b0526abe,4,field_5bb49b2026abf,[],,,,,,,,,,
101,variable,"05-13 +61","Cisco Switch lag 3",1,0,visible,,"Cisco switches til netværk fag\n\nCisco 3550\n\nCisco 3560 og 3560 V2\n\nCisco 3750 og 3750 V2\n\nTechdesk lagerfelt opdateret d. 06.01.20",,,taxable,,1,,,0,0,,,,,0,,,,Netværk,HF,,https://inventar.ats-skpdatait.dk/wp-content/uploads/2018/06/cisco-switch.png,,,,,id:401,,,,0,88,field_5bb49aae26abd,0,field_5bb49b0526abe,0,field_5bb49b2026abf,45,field_5bb49aae26abd,24,field_5bb49b0526abe,0,field_5bb49b2026abf,[],Switches,"Catalyst 2950, Catalyst 2960, Catalyst 2960 Plus, Catalyst 3550, Catalyst 3560, Catalyst 3750 PoE, Catalyst 3750, Catalyst 3550, Cisco ASA 5505, Catalyst 3560 PoE, Catalyst 2960-X",1,0,,,,,,
128,simple,18,"PS2 Tastatur",1,0,visible,,"Tastatur med PS2 stik.\n\nDisse blive ofte brugt til ældre computer udstyr.\n\nLagerfelter opdateret d. 21-11-19",,,taxable,,0,0,,0,0,,,,,0,,,0,Tilbehør,HF,,https://inventar.ats-skpdatait.dk/wp-content/uploads/2018/06/PC2-Keyboard.png,,,,,,,,,0,1,field_5bb49aae26abd,0,field_5bb49b0526abe,7,field_5bb49b2026abf,20,field_5bb49aae26abd,0,field_5bb49b0526abe,0,field_5bb49b2026abf,,,,,,,,,,,
139,variable,22-27,IP-Telefon,1,0,visible,,"Forskellige telefoner samt udstyr til brug i faget ""Ip-telefoni""",,,taxable,,1,6,,0,0,,,,,0,,,,Periferiudstyr,HF,,https://inventar.ats-skpdatait.dk/wp-content/uploads/2018/07/ip-telefon.png,,,,,,,,,0,0,field_5bb49aae26abd,0,field_5bb49b0526abe,45,field_5bb49b2026abf,6,field_5bb49aae26abd,0,field_5bb49b0526abe,0,field_5bb49b2026abf,,Telefoner,"SNOM-300, Polycom, KIRK DELTA, Fastnet telefon, Cisco 2-Phone Adapter, Headset",1,0,,,,,,
141,variation,22,"IP-Telefon - SNOM-300",1,0,visible,,,,,taxable,parent,1,4,,0,0,,,,,0,,,0,,,,,,,22-27,,,,,,0,,,,,,,,,,,,,,Telefoner,SNOM-300,,0,,,,,,
142,variation,23,"IP-Telefon - Polycom",1,0,visible,,,,,taxable,parent,0,0,,0,0,,,,,0,,,0,,,,,,,22-27,,,,,,0,,,,,,,,,,,,,,Telefoner,Polycom,,0,,,,,,
143,variation,24,"IP-Telefon - KIRK DELTA",1,0,visible,,,,,taxable,parent,1,2,,0,0,,,,,0,,,0,,,,,,,22-27,,,,,,0,,,,,,,,,,,,,,Telefoner,"KIRK DELTA",,0,,,,,,
144,variation,25,"IP-Telefon - Fastnet telefon",1,0,visible,,,,,taxable,parent,1,3,,0,0,,,,,0,,,0,,,,,,,22-27,,,,,,0,,,,,,,,,,,,,,Telefoner,"Fastnet telefon",,0,,,,,,
145,variation,26,"IP-Telefon - Cisco 2-Phone Adapter",1,0,visible,,,,,taxable,parent,1,7,,0,0,,,,,0,,,0,,,,,,,22-27,,,,,,0,,,,,,,,,,,,,,Telefoner,"Cisco 2-Phone Adapter",,0,,,,,,
146,variation,27,"IP-Telefon - Headset",1,0,visible,,,,,taxable,parent,1,20,,0,0,,,,,0,,,0,,,,,,,22-27,,,,,,0,,,,,,,,,,,,,,Telefoner,Headset,,0,,,,,,
157,simple,31,"KVM Switch",1,0,visible,,"Disse KVM Switches kan bruges til et projekt, hvor du har 2 PC´er, men kun vil have en skærm, mus og tastatur.",,,taxable,,1,24,,0,0,,,,,0,,,0,"Periferiudstyr, Tilbehør",,,"https://inventar.ats-skpdatait.dk/wp-content/uploads/2018/08/kvm-switch.png, https://inventar.ats-skpdatait.dk/wp-content/uploads/2018/08/trendnet-kvm-switch.png",,,,,,,,,0,10,field_5bb49aae26abd,0,field_5bb49b0526abe,30,field_5bb49b2026abf,53,field_5bb49aae26abd,3,field_5bb49b0526abe,23,field_5bb49b2026abf,[],,,,,,,,,,
161,variable,32-34,"Cisco Small Business",1,0,visible,,"Netværks produkter fra serien Cisco Small Business.",,,taxable,,1,6,,0,0,,,,,0,,,,Netværk,HF,,"https://inventar.ats-skpdatait.dk/wp-content/uploads/2018/08/cisco1.png, https://inventar.ats-skpdatait.dk/wp-content/uploads/2018/08/cisco-2.png, https://inventar.ats-skpdatait.dk/wp-content/uploads/2018/08/cisco3.png",,,,,id:401,,,,0,5,field_5bb49aae26abd,0,field_5bb49b0526abe,1,field_5bb49b2026abf,0,field_5bb49aae26abd,2,field_5bb49b0526abe,0,field_5bb49b2026abf,,Switches2,"SG 200-08, SG300-10, SG300-28",1,0,,,,,,
162,variation,33,"Cisco Small Business - SG300-28",1,0,visible,,,,,taxable,parent,0,0,,0,0,,,,,0,,,0,,,,,,,32-34,,,,,,2,,,,,,,,,,,,,,Switches2,SG300-28,,0,,,,,,
163,variation,34,"Cisco Small Business - SG300-10",1,0,visible,,,,,taxable,parent,1,2,,0,0,,,,,0,,,0,,,,,,,32-34,,,,,,2,,,,,,,,,,,,,,Switches2,SG300-10,,0,,,,,,
164,variation,32,"Cisco Small Business - SG 200-08",1,0,visible,,,,,taxable,parent,0,0,,0,0,,,,,0,,,0,,,,,,,32-34,,,,,,1,,,,,,,,,,,,,,Switches2,"SG 200-08",,0,,,,,,
175,variable,40-44,"Managed Switches",1,0,visible,,"Managed Switches af andre mærker.",,,taxable,,1,6,,0,0,,,,,0,,,,Netværk,HF,,"https://inventar.ats-skpdatait.dk/wp-content/uploads/2018/08/HP-switch.png, https://inventar.ats-skpdatait.dk/wp-content/uploads/2018/08/zyxel-switch.png",,,,,id:401,,,,0,5,field_5bb49aae26abd,0,field_5bb49b0526abe,0,field_5bb49b2026abf,0,field_5bb49aae26abd,1,field_5bb49b0526abe,0,field_5bb49b2026abf,,Switches,"HP ProCurve 1700-8, HP ProCurve 2824, HP ProCurve 2650, HP ProCurve 2524, ZyXEL ES-1124",1,0,,,,,,
178,variation,44,"Managed Switches - ZyXEL ES-1124",1,0,visible,,"Lånt til GF2",,,taxable,parent,0,'-1,,0,0,,,,,0,,,0,,,,,,,40-44,,,,,,0,,,,,,,,,,,,,,Switches,"ZyXEL ES-1124",,0,,,,,,
179,variation,43,"Managed Switches - HP ProCurve 2524",1,0,visible,,,,,taxable,parent,1,1,,0,0,,,,,0,,,0,,,,,,,40-44,,,,,,2,,,,,,,,,,,,,,Switches,"HP ProCurve 2524",,0,,,,,,
180,variation,42,"Managed Switches - HP ProCurve 2650",1,0,visible,,,,,taxable,parent,1,1,,0,0,,,,,0,,,0,,,,,,,40-44,,,,,,3,,,,,,,,,,,,,,Switches,"HP ProCurve 2650",,0,,,,,,
181,variation,41,"Managed Switches - HP ProCurve 2824",1,0,visible,,,,,taxable,parent,1,1,,0,0,,,,,0,,,0,,,,,,,40-44,,,,,,4,,,,,,,,,,,,,,Switches,"HP ProCurve 2824",,0,,,,,,
182,variation,40,"Managed Switches - HP ProCurve 1700-8",1,0,visible,,,,,taxable,parent,1,1,,0,0,,,,,0,,,0,,,,,,,40-44,,,,,,5,,,,,,,,,,,,,,Switches,"HP ProCurve 1700-8",,0,,,,,,
190,variable,"45-46 +14+55",Firewall,1,0,visible,,"Firewalls af forskellige mærker.\n\nTechdesk lagerfelt opdateret d. 06.01.20",,,taxable,,1,36,,0,0,,,,,0,,,,Netværk,,,https://inventar.ats-skpdatait.dk/wp-content/uploads/2018/08/Cisco-Asa.png,,,,,,,,,0,14,field_5bb49aae26abd,0,field_5bb49b0526abe,22,field_5bb49b2026abf,14,field_5bb49aae26abd,22,field_5bb49b0526abe,0,field_5bb49b2026abf,,Firewall,"TP-LINK TL-ER6120, Juniper SSG 5, Cisco ASA 5505, Netgear ProSafe",1,0,,,,,,
191,variation,46,"Firewall - Juniper SSG 5",1,0,visible,,,,,taxable,parent,1,1,,0,0,,,,,0,,,0,,,,,,,"45-46 +14+55",,,,,,2,,,,,,,,,,,,,,Firewall,"Juniper SSG 5",,0,,,,,,
192,variation,45,"Firewall - TP-LINK TL-ER6120",1,0,visible,,,,,taxable,parent,1,1,,0,0,,,,,0,,,0,,,,,,,"45-46 +14+55",,,,,,3,,,,,,,,,,,,,,Firewall,"TP-LINK TL-ER6120",,0,,,,,,
193,variation,14,"Firewall - Cisco ASA 5505",1,0,visible,,,,,taxable,parent,1,6,,0,0,,,,,0,,,0,,,,,,,"45-46 +14+55",,,,,,4,,,,,,,,,,,,,,Firewall,"Cisco ASA 5505",,0,,,,,,
198,simple,"5-1 5-26",Bærbar,1,0,visible,,"I kan låne bærbare til hvis I har glemt jeres egen bærbare, ellers kan disse også bruges som klienter\n\nMaskinerne har de følgende specifikationer.\n\nCPU: i7\nRAM: 4GB DDR3 SODIMM\nSSD: 128GB",,,taxable,,1,26,,0,0,,,,,0,,,0,Computer,,,https://inventar.ats-skpdatait.dk/wp-content/uploads/2018/08/HP-Bærbare.png,,,,,,id:738,,,0,0,field_5bb49aae26abd,0,field_5bb49b0526abe,28,field_5bb49b2026abf,0,field_5bb49aae26abd,29,field_5bb49b0526abe,8,field_5bb49b2026abf,,,,,,,,,,,
200,simple,SKP+PCACC+001,"USB Tastatur",1,0,visible,,"USB Tastatur.\n\nDette vil typisk være HP Tastature.\n\nLagerfelter opdateret d. 21-11-19",,,taxable,,1,3,,0,0,,,,,0,,,"0,00",Periferiudstyr,,,https://inventar.ats-skpdatait.dk/wp-content/uploads/2018/06/USB-Keyboard.png,,,,,,,,,0,26,field_5bb49aae26abd,0,field_5bb49b0526abe,73,field_5bb49b2026abf,30,field_5bb49aae26abd,99,field_5bb49b0526abe,23,field_5bb49b2026abf,[],Lokation,Techdesken,1,1,,,,,,
201,simple,SKP+PCACC+002,"USB Mus",1,0,visible,,"Dette er en mus med USB, det er typisk HP Muse vi har.",,,taxable,,0,,,0,0,,,,,0,,,0,Periferiudstyr,,,https://inventar.ats-skpdatait.dk/wp-content/uploads/2018/06/mus.png,,,,,,,,,0,80,field_5bb49aae26abd,0,field_5bb49b0526abe,39,field_5bb49b2026abf,43,field_5bb49aae26abd,14,field_5bb49b0526abe,20,field_5bb49b2026abf,[],,,,,,,,,,
202,simple,"8-1 8-13",Printer,1,0,visible,,"Du kan få lov til at lege med en printer som kan gå på netværket.\n\n&nbsp;\n\nModeller:\n\nLexmark C540n\n\nKonica Minota",,,taxable,,1,16,,0,0,,,,,0,,,0,"Netværk, Periferiudstyr",,,https://inventar.ats-skpdatait.dk/wp-content/uploads/2018/08/MS415dn.wm-1.jpg,,,,,,,,,0,0,field_5bb49aae26abd,0,field_5bb49b0526abe,23,field_5bb49b2026abf,0,field_5bb49aae26abd,19,field_5bb49b0526abe,1,field_5bb49b2026abf,,,,,,,,,,,
204,simple,47,"USB til Wi-Fi",1,0,visible,,"150Mbps High Gain Wireless USB Adapter fra TP-link",,,taxable,,1,15,,0,0,,,,,0,,,0,"Netværk, Periferiudstyr",,,https://inventar.ats-skpdatait.dk/wp-content/uploads/2018/08/Wireless-USB.jpg,,,,,,,,,0,23,field_5bb49aae26abd,0,field_5bb49b0526abe,0,field_5bb49b2026abf,0,field_5bb49aae26abd,0,field_5bb49b0526abe,1,field_5bb49b2026abf,,,,,,,,,,,
211,simple,"9-1 9-3","HP Switch",1,0,visible,,"Hvis du vil prøve noget andet end Cisco.\n\n24 porte",,,taxable,,1,2,,0,0,,,,,0,,,0,Netværk,,,https://inventar.ats-skpdatait.dk/wp-content/uploads/2018/08/31P6a-wkZqL._SL500_AC_SS350_.jpg,,,,,id:401,,,,0,0,field_5bb49aae26abd,0,field_5bb49b0526abe,1,field_5bb49b2026abf,0,field_5bb49aae26abd,1,field_5bb49b0526abe,0,field_5bb49b2026abf,,,,,,,,,,,
212,simple,48-54,"Access Point",1,0,visible,,"Access Points fra UniFi\n\n+PoE Adapters",,,taxable,,0,'-1,,0,0,,,,,0,,,0,Netværk,HF,,https://inventar.ats-skpdatait.dk/wp-content/uploads/2018/08/AP.png,,,,,,,,,0,1,field_5bb49aae26abd,0,field_5bb49b0526abe,8,field_5bb49b2026abf,0,field_5bb49aae26abd,0,field_5bb49b0526abe,5,field_5bb49b2026abf,,AP,"UniFi 2\,4GHz AP, UniFi 2\,4Ghz/5GHz AP, Cisco Aironet 350, Cisco Aironet 1130AG, ZoneFlex 7363, Ubiquiti PoE Adapter, micro Access Point 2\,4GHz",1,0,Lokation,Servicedesken,1,1,,
215,simple,"10-1 10-5","Usb til Ethernet",1,0,visible,,"Disse kan bruges til din bærbar, hvis den ikke har en ethernet indgang.",,,taxable,,0,'-1,,0,0,,,,,0,,,0,"Netværk, Tilbehør",,,https://inventar.ats-skpdatait.dk/wp-content/uploads/2018/08/usb-til-ethernet.jpg,,,,,,,,,0,0,field_5bb49aae26abd,0,field_5bb49b0526abe,4,field_5bb49b2026abf,10,field_5bb49aae26abd,0,field_5bb49b0526abe,1,field_5bb49b2026abf,[],,,,,,,,,,
219,simple,"11-1 11-3","HDMI til VGA",1,0,visible,,"Hvis din computer kun har HDMI og du skal bruge VGA!",,,taxable,,0,0,,0,0,,,,,0,,,0,Tilbehør,,,https://inventar.ats-skpdatait.dk/wp-content/uploads/2018/08/HAMA54569.jpg,,,,,,,,,0,2,field_5bb49aae26abd,0,field_5bb49b0526abe,9,field_5bb49b2026abf,0,field_5bb49aae26abd,0,field_5bb49b0526abe,7,field_5bb49b2026abf,,,,,,,,,,,
221,simple,"12-1 12-5","Displayport til VGA",1,0,visible,,,,,taxable,,0,0,,0,0,,,,,0,,,0,Tilbehør,,,https://inventar.ats-skpdatait.dk/wp-content/uploads/2018/08/high-quality-display-port-to-vga-f-active-converter-cb-dp-vga-ladivafestiva-1507-09-ladivafestiva@7.jpg,,,,,,,,,0,0,field_5bb49aae26abd,0,field_5bb49b0526abe,1,field_5bb49b2026abf,0,field_5bb49aae26abd,0,field_5bb49b0526abe,0,field_5bb49b2026abf,,,,,,,,,,,
224,simple,"13-1 13-2","Displayport til DVI",1,0,visible,,"Dette kan bruges hvis du har en computer / Docking station som ikke har DVI, men har Displayort.",,,taxable,,1,6,,0,0,,,,,0,,,0,Tilbehør,,,https://inventar.ats-skpdatait.dk/wp-content/uploads/2018/08/dp-dvi.jpg,,,,,,,,,0,0,field_5bb49aae26abd,0,field_5bb49b0526abe,4,field_5bb49b2026abf,0,field_5bb49aae26abd,0,field_5bb49b0526abe,1,field_5bb49b2026abf,,,,,,,,,,,
229,simple,14-1,"VGA til DVI",1,0,visible,,"VGA til DVI Adaptere kan bruges hvis en computer / skærm ikke har de ønskede indgange.",,,taxable,,1,55,,0,0,,,,,0,,,0,Tilbehør,,,https://inventar.ats-skpdatait.dk/wp-content/uploads/2018/08/dvi-til-vga-adapter.jpg,,,,,,,,,0,0,field_5bb49aae26abd,0,field_5bb49b0526abe,57,field_5bb49b2026abf,1,field_5bb49aae26abd,0,field_5bb49b0526abe,11,field_5bb49b2026abf,,,,,,,,,,,
232,simple,"15-1 - 15-4","HDMI til vga /m Lyd",1,0,visible,,,,,taxable,,0,0,,0,0,,,,,0,,,0,Tilbehør,,,https://inventar.ats-skpdatait.dk/wp-content/uploads/2018/08/sku_236968_1.jpg,,,,,,,,,0,0,field_5bb49aae26abd,0,field_5bb49b0526abe,0,field_5bb49b2026abf,,,,,,,,,,,,,,,,"2018-11-22 14:23:18",
236,simple,"16-1 16-3","HDMI til DVI",1,0,visible,,"Hvis du skal bruge DVI men kun har HDMI.",,,taxable,,0,'-4,,0,0,,,,,0,,,0,Tilbehør,,,https://inventar.ats-skpdatait.dk/wp-content/uploads/2018/08/images.jpg,,,,,,,,,0,1,field_5bb49aae26abd,0,field_5bb49b0526abe,1,field_5bb49b2026abf,1,field_5bb49aae26abd,0,field_5bb49b0526abe,10,field_5bb49b2026abf,,Lokation,"Servicedesken, Techdesken",1,1,,,,,,
240,variation,55,"Firewall - Netgear ProSafe",1,0,visible,,"Model FVS318G",,,taxable,parent,1,3,,0,0,,,,,0,,,0,,,,,,,"45-46 +14+55",,,,,,0,,,,,,,,,,,,,,Firewall,"Netgear ProSafe",,0,,,,,,
241,simple,56,"HDD Rack Storage",1,0,visible,,"Drive bays fra HP, IBM, DELL",,,taxable,,1,15,,0,0,,,,,0,,,0,"Lagring &amp; HDD",HF,,https://inventar.ats-skpdatait.dk/wp-content/uploads/2018/08/HDD-DRIVE-bay.png,,,,,,,,,0,19,field_5bb49aae26abd,5,field_5bb49b0526abe,5,field_5bb49b2026abf,13,field_5bb49aae26abd,0,field_5bb49b0526abe,0,field_5bb49b2026abf,,,,,,,,,,,
252,variable,SKP+NET+2960,"Cisco Switch lag 2",1,0,visible,,"Her kan du lege med en rigtig switch, hvor du kan komme til at konfigurere dem igennem konsol porten.\n\nDisse switches har alt imellem 24 porte\n\nDette Inkluderer: Cisco 2960, 2960 S series og plus series og Cisco 2960 PoE",,,taxable,,1,19,,0,0,,,,,0,,,,Netværk,,,https://inventar.ats-skpdatait.dk/wp-content/uploads/2018/08/cisco-ws-c2960-24pc-s-45-degree.jpg,,,,,id:401,,,,0,0,field_5bb49aae26abd,0,field_5bb49b0526abe,55,field_5bb49b2026abf,30,field_5bb49aae26abd,0,field_5bb49b0526abe,0,field_5bb49b2026abf,[],Switch,"Cisco 2950 Series, Cisco 1800 Series, Cisco 2900 Series, Cisco 3550 Series, Cisco 3500 Series, Cisco 3560 Series, Cisco SG300-10 Series, Cisco 2960 Series, Cisco 2960+ Series, Cisco 2960 v2 Series, Cisco 2960 PoE Series",1,0,,,,,,"Cisco 2960 Series"
264,simple,"29-1 29-72",Skærme,1,0,visible,,"Skærme i forskellige tommer.\nDe fleste skærme kører over DVI eller VGA.\n\nTechdesk lagerfelt opdateret d. 06.1.20",,,taxable,,1,,,0,0,,,,,0,,,0,Periferiudstyr,,,https://inventar.ats-skpdatait.dk/wp-content/uploads/2018/06/Skærm.png,,,,,"id:404, SKP-PCACC-004, id:586, SKP-PCACC-003",id:397,,,0,24,field_5bb49aae26abd,0,field_5bb49b0526abe,16,field_5bb49b2026abf,32,field_5bb49aae26abd,12,field_5bb49b0526abe,40,field_5bb49b2026abf,[],,,,,,,,,,
269,variable,59,"Harddisk 3.5",1,0,visible,,"Brug for en ekstra harddisk?\n\nVi har normale SATA Harddiske.\nVi har Enterprise Harddiske.\nTil sidst har vi også SAS Harddiske.\nHDD",,,taxable,,1,82,,0,0,,,,,0,,,,"Lagring &amp; HDD",HF,,"https://inventar.ats-skpdatait.dk/wp-content/uploads/2018/08/HDD.png, https://inventar.ats-skpdatait.dk/wp-content/uploads/2018/08/100-ST-CKE-SFF-8482-SAS-22-Pin-zu-SATA-7-Pin-15-Pin-Festplatte-Raid.jpg_640x640.jpg",,,,,,,,,0,0,field_5bb49aae26abd,7,field_5bb49b0526abe,82,field_5bb49b2026abf,0,field_5bb49aae26abd,4,field_5bb49b0526abe,128,field_5bb49b2026abf,,Størrelse,"80GB, 160GB, 200GB, 250GB, 320GB, 500GB, Enterprise 300GB, Enterprise 1TB, Enterprise 2TB, SAS 74GB, SAS 300GB",1,0,,,,,,
282,variable,,"DDR2 RAM",1,0,visible,,,,,taxable,,1,96,,0,0,,,,,0,,,,Hardware,HF,,https://inventar.ats-skpdatait.dk/wp-content/uploads/2018/08/ram.png,,,,,,,,,0,34,field_5bb49aae26abd,0,field_5bb49b0526abe,61,field_5bb49b2026abf,0,field_5bb49aae26abd,0,field_5bb49b0526abe,108,field_5bb49b2026abf,,Størrelse,"1GB, 2GB, 4GB",1,0,,,,,,2GB
296,simple,,"Raspberry Pi 3",1,0,visible,,"Raspberry pi 3 model B+",,,taxable,,0,0,,0,0,,,,,0,,,0,IoT,,,https://inventar.ats-skpdatait.dk/wp-content/uploads/2018/08/Raspberry-PI.jpg,,,,,,,,,0,0,field_5bb49aae26abd,6,field_5bb49b0526abe,5,field_5bb49b2026abf,0,field_5bb49aae26abd,0,field_5bb49b0526abe,2,field_5bb49b2026abf,[],,,,,,,,,,
363,simple,,"Brother Labelprinter",1,0,visible,,"Brother 8-10-12mm label printer",,,taxable,,0,0,,0,0,,,,,1,,,0,Periferiudstyr,"label, printer",,https://inventar.ats-skpdatait.dk/wp-content/uploads/2018/10/brother-printer.jpg,,,,,,,,,0,0,field_5bb49aae26abd,0,field_5bb49b0526abe,1,field_5bb49b2026abf,,,,,,,,,,,,,,,,,
367,simple,,"USB-C Kabel",1,0,visible,,"1 Meter lang.",,,taxable,,1,1,,0,0,,,,,1,,,0,Tilbehør,,,https://inventar.ats-skpdatait.dk/wp-content/uploads/2018/10/typ-c_1.png,,,,,,,,,0,0,field_5bb49aae26abd,0,field_5bb49b0526abe,1,field_5bb49b2026abf,,,,,,,,,,,,,,,,,
377,simple,,"Lille Printer",1,0,visible,,"<div class=""woocommerce-tabs wc-tabs-wrapper"">\n<div id=""tab-description"" class=""woocommerce-Tabs-panel woocommerce-Tabs-panel--description panel entry-content wc-tab"" role=""tabpanel"">\n\nDer er tale om en lille sort/hvid HP printer.\n\n</div>\n</div>",,,taxable,,0,0,,0,0,,,,,0,,,0,Periferiudstyr,,,https://inventar.ats-skpdatait.dk/wp-content/uploads/2018/10/hp-deskjet-3630-1.jpg,,,,,,,,,0,0,field_5bb49aae26abd,0,field_5bb49b0526abe,2,field_5bb49b2026abf,0,field_5bb49aae26abd,0,field_5bb49b0526abe,0,field_5bb49b2026abf,,,,,,,,,,,
382,simple,,"CD Drev",1,0,visible,,"CD Rom Drev.",,,taxable,,1,17,,0,0,,,,,0,,,0,Hardware,,,https://inventar.ats-skpdatait.dk/wp-content/uploads/2018/10/lite-on-dvd-rw-drive.jpg,,,,,,,,,0,0,field_5bb49aae26abd,1,field_5bb49b0526abe,36,field_5bb49b2026abf,0,field_5bb49aae26abd,0,field_5bb49b0526abe,17,field_5bb49b2026abf,,,,,,,,,,,
384,simple,SKP-PCACC-003,"VGA Kabel",1,0,visible,,"VGA Kabel til en skærm",,,taxable,,1,,,0,0,,,,,0,,,"0,00",Tilbehør,,,https://inventar.ats-skpdatait.dk/wp-content/uploads/2018/10/6afdd99340438faca006bb3d9470.jpg,,,,,,,,,0,58,field_5bb49aae26abd,0,field_5bb49b0526abe,103,field_5bb49b2026abf,29,field_5bb49aae26abd,165,field_5bb49b0526abe,26,field_5bb49b2026abf,[],,,,,,,,,,
395,variable,,"Docking Station",1,0,visible,,"Dette er de nye og gamle HP Docking Stationer.",,,taxable,,1,18,,0,0,,,,,0,,,,Periferiudstyr,,,https://inventar.ats-skpdatait.dk/wp-content/uploads/2018/10/HP-Docking-Station-NY.png,,,,,,,,,0,0,field_5bb49aae26abd,0,field_5bb49b0526abe,19,field_5bb49b2026abf,0,field_5bb49aae26abd,6,field_5bb49b0526abe,14,field_5bb49b2026abf,,"Se liste","Gammel Dock, Nye Dock",1,0,,,,,,
397,variable,,Strømstik,1,0,visible,,"Disse Strømstik passer til alt fra desktops til Skærme.",,,taxable,,1,,,0,0,,,,,0,,,,Tilbehør,strømkabel,,https://inventar.ats-skpdatait.dk/wp-content/uploads/2018/10/Strømstik.png,,,,,,,,,0,94,field_5bb49aae26abd,0,field_5bb49b0526abe,416,field_5bb49b2026abf,44,field_5bb49aae26abd,376,field_5bb49b0526abe,36,field_5bb49b2026abf,[],Lokation,"Servicedesken, Techdesken",1,1,,,,,,
401,variable,,"LAN Kabler",1,0,visible,,"RJ45 kabler / Netværks Kabler / Ethernet kabler i forskelige længder.\n\nSkriv længde i kommentarfeltet.",,,taxable,,1,64,,0,0,,,,,0,,,,"Netværk, Tilbehør","Ethernet kabel",,https://inventar.ats-skpdatait.dk/wp-content/uploads/2018/10/RJ45-Kabler.png,,,,,,,,,0,445,field_5bb49aae26abd,0,field_5bb49b0526abe,464,field_5bb49b2026abf,403,field_5bb49aae26abd,426,field_5bb49b0526abe,91,field_5bb49b2026abf,[],Længder,"25cm, 25cm kryds, 50cm kryds, 50cm, 1m, 1\,5m kryds, 2m, 5m, 10m, 15m, Skriv længden i kommentar-feltet ved tjek ud.",1,0,,,,,,2m
404,simple,,"Displayport Kable",1,0,visible,,"Dette kabel kan køre 100hz og overføre lyd.",,,taxable,,0,0,,0,0,,,,,0,,,0,Tilbehør,,,https://inventar.ats-skpdatait.dk/wp-content/uploads/2018/10/Displayport-Kabel.png,,,,,,,,,0,0,field_5bb49aae26abd,0,field_5bb49b0526abe,4,field_5bb49b2026abf,0,field_5bb49aae26abd,0,field_5bb49b0526abe,3,field_5bb49b2026abf,,,,,,,,,,,
406,simple,,Mussemåtte,0,0,visible,,mussemåtter,,,taxable,,1,19,,0,0,,,,,0,,,0,Tilbehør,,,https://inventar.ats-skpdatait.dk/wp-content/uploads/2018/10/Mussemåtte.png,,,,,,,,,0,0,field_5bb49aae26abd,0,field_5bb49b0526abe,19,field_5bb49b2026abf,0,field_5bb49aae26abd,17,field_5bb49b0526abe,0,field_5bb49b2026abf,,,,,,,,,,,
409,simple,,"Netgear Switch",1,0,visible,,"Du kan komme til at arbejde med denne Netgear Switch, hvis nu du vil prøve noget andet end Cisco's udstyr.",,,taxable,,0,0,,0,0,,,,,0,,,0,Netværk,,,https://inventar.ats-skpdatait.dk/wp-content/uploads/2018/10/Negear-Switch.png,,,,,id:401,,,,0,0,field_5bb49aae26abd,0,field_5bb49b0526abe,1,field_5bb49b2026abf,,,,,,,,,,,,,,,,,
418,simple,,CD-Rom,1,0,visible,,"Disse CD-Roms har 4,7GB plads på dem.",,,taxable,,1,314,,0,0,,,,,1,,,0,"Lagring &amp; HDD",,,https://inventar.ats-skpdatait.dk/wp-content/uploads/2018/10/CD-ROMS.png,,,,,,,,,0,0,field_5bb49aae26abd,0,field_5bb49b0526abe,316,field_5bb49b2026abf,,,,,,,,,,,,,,,,,
420,simple,,"HDD Racks",1,0,visible,,"Disse Racks kan bruges i et Rack Skab.",,,taxable,,1,10,,0,0,,,,,1,,,0,"Lagring &amp; HDD, Tilbehør",,,https://inventar.ats-skpdatait.dk/wp-content/uploads/2018/10/HDD-Racks.png,,,,,,,,,0,0,field_5bb49aae26abd,0,field_5bb49b0526abe,10,field_5bb49b2026abf,,,,,,,,,,,,,,,,,
422,simple,,"Minijack 3,5mm",1,0,visible,,"Disse minijacks kan bruges til at få lyd ud fra computeren eller telefonen til et par højtalere.\n\n&nbsp;\n\nDe kan fås i 1m, 2m og 5m.",,,taxable,,1,24,,0,0,,,,,0,,,0,Tilbehør,,,https://inventar.ats-skpdatait.dk/wp-content/uploads/2018/10/35mm-Jack.png,,,,,,,,,0,0,field_5bb49aae26abd,0,field_5bb49b0526abe,24,field_5bb49b2026abf,0,field_5bb49aae26abd,24,field_5bb49b0526abe,0,field_5bb49b2026abf,,,,,,,,,,,
424,simple,,"Sata Kabel",1,0,visible,,"Sata kabler i forskelige Længder og bøjninger.",,,taxable,,1,114,,0,0,,,,,0,,,0,Tilbehør,,,https://inventar.ats-skpdatait.dk/wp-content/uploads/2018/10/Sata-Kabel.png,,,,,,,,,0,98,field_5bb49aae26abd,0,field_5bb49b0526abe,113,field_5bb49b2026abf,109,field_5bb49aae26abd,0,field_5bb49b0526abe,48,field_5bb49b2026abf,,,,,,,,,,,
426,variable,SKP+PCACC+005,"Konsol Kabel",1,0,visible,,"Med disse kabler kan du tilgå en Switch's interface og konfigurere dem som du vil.\n\nLagerfelt for SD opdateret d. 21-11-19",,,taxable,,1,,,0,0,,,,,0,,,,"Netværk, Tilbehør",,,https://inventar.ats-skpdatait.dk/wp-content/uploads/2018/10/Konsol-Kable.png,,,,,,,,,0,133,field_5bb49aae26abd,0,field_5bb49b0526abe,80,field_5bb49b2026abf,156,field_5bb49aae26abd,0,field_5bb49b0526abe,8,field_5bb49b2026abf,[],Variant,"Med USB, Uden USB",1,0,,,,,,
429,simple,,"DMS59 til DVI Adapter",1,0,visible,,"Disse kan bruges hvis du har et grafikkort i din PC og skal bruge 1/2 skærme som kun har DVI.",,,taxable,,1,15,,0,0,,,,,0,,,0,Tilbehør,,,https://inventar.ats-skpdatait.dk/wp-content/uploads/2018/10/DVI-til-DVI.png,,,,,,,,,0,0,field_5bb49aae26abd,0,field_5bb49b0526abe,15,field_5bb49b2026abf,1,field_5bb49aae26abd,0,field_5bb49b0526abe,0,field_5bb49b2026abf,,,,,,,,,,,
437,simple,,"Bærebar Batteri",1,0,visible,,"Disse batterier passer på flere forskellige HP bærbare.",,,taxable,,1,15,,0,0,,,,,1,,,0,Hardware,,,https://inventar.ats-skpdatait.dk/wp-content/uploads/2018/10/Bærbar-Batteri.png,,,,,,,,,0,0,field_5bb49aae26abd,0,field_5bb49b0526abe,15,field_5bb49b2026abf,,,,,,,,,,,,,,,,,
439,simple,,MouseTrapper,1,0,visible,,"Disse muse er til dem som ikke vil ende op med skader eller lignende i håndledende eller hænderne.",,,taxable,,1,8,,0,0,,,,,1,,,0,Periferiudstyr,,,https://inventar.ats-skpdatait.dk/wp-content/uploads/2018/10/Ergonomiske-Muse.png,,,,,,,,,0,0,field_5bb49aae26abd,0,field_5bb49b0526abe,8,field_5bb49b2026abf,,,,,,,,,,,,,,,,,
441,simple,,"Printer Kabel",1,0,visible,,"Disse printer kabler er imellem 30cm til 2m.\n\nDe bruges typisk til en direkte forbindelse imellem en computer og en printer.",,,taxable,,1,66,,0,0,,,,,0,,,0,Tilbehør,,,https://inventar.ats-skpdatait.dk/wp-content/uploads/2018/10/Printer-Kabel.png,,,,,,,,,0,0,field_5bb49aae26abd,0,field_5bb49b0526abe,71,field_5bb49b2026abf,0,field_5bb49aae26abd,0,field_5bb49b0526abe,30,field_5bb49b2026abf,,,,,,,,,,,
449,variable,,SSD,1,0,visible,,,,,taxable,,1,7,,0,0,,,,,0,,,,"Lagring &amp; HDD",,,https://inventar.ats-skpdatait.dk/wp-content/uploads/2018/11/Kingston-SSD.jpg,,,,,,,,,0,0,field_5bb49aae26abd,0,field_5bb49b0526abe,46,field_5bb49b2026abf,0,field_5bb49aae26abd,0,field_5bb49b0526abe,17,field_5bb49b2026abf,,Type,"80GB, 128GB, 240GB",1,0,,,,,,
476,simple,,"SD Kort Læser USB",1,0,visible,,,,,taxable,,0,0,,0,0,,,,,0,,,0,Periferiudstyr,,,https://inventar.ats-skpdatait.dk/wp-content/uploads/2018/11/SD-Kort-Læser-USB.jpg,,,,,,,,,0,0,field_5bb49aae26abd,0,field_5bb49b0526abe,1,field_5bb49b2026abf,0,field_5bb49aae26abd,0,field_5bb49b0526abe,0,field_5bb49b2026abf,,,,,,,,,,,
481,simple,,"Dell SAS HDD",1,0,visible,,"Dell's SAS HDD kører rundt med 15k RPM.",,,taxable,,1,7,,0,0,,,,,1,,,0,"Lagring &amp; HDD",,,https://inventar.ats-skpdatait.dk/wp-content/uploads/2018/11/Dell-SAS-HDD-300GB.jpg,,,,,,,,,0,0,field_5bb49aae26abd,0,field_5bb49b0526abe,8,field_5bb49b2026abf,,,,,,,,,,,,,,,,,
484,simple,,"NAS Server - Synology",1,0,visible,,"Disse NAS Servere har plads til 1 eller 2 Harddisk.",,,taxable,,1,2,,0,0,,,,,0,,,0,"Lagring &amp; HDD",,,https://inventar.ats-skpdatait.dk/wp-content/uploads/2018/11/NAS-Servere.png,,,,,,,,,0,1,field_5bb49aae26abd,0,field_5bb49b0526abe,1,field_5bb49b2026abf,,,,,,,,,,,,,,,,,
492,simple,2,"PCI-E Netkort",1,0,visible,,"Her kan du få muligheden for at få et netkort, med 1 eller 2 indgange.",,,taxable,,1,5,,0,0,,,,,0,,,0,Netværk,"ethernet, ethernet kort, kort, netværk, Netværks kort",,https://inventar.ats-skpdatait.dk/wp-content/uploads/2018/11/Netkort.jpg,,,,,,,,,0,0,field_5bb49aae26abd,0,field_5bb49b0526abe,5,field_5bb49b2026abf,0,field_5bb49aae26abd,0,field_5bb49b0526abe,0,field_5bb49b2026abf,,,,,,,,,,,
495,simple,,"USB Hub",1,0,visible,,"Denne USB Hub har 4-USB indgange.",,,taxable,,0,0,,0,0,,,,,0,,,0,Periferiudstyr,,,https://inventar.ats-skpdatait.dk/wp-content/uploads/2018/11/USB-Hub.jpg,,,,,,,,,0,0,field_5bb49aae26abd,0,field_5bb49b0526abe,1,field_5bb49b2026abf,0,field_5bb49aae26abd,0,field_5bb49b0526abe,0,field_5bb49b2026abf,,,,,,,,,,,
497,simple,,"CD Drev Slim",1,0,visible,,"Dette CD Drev bliver brugt i bærbare.",,,taxable,,1,19,,0,0,,,,,0,,,0,Hardware,,,https://inventar.ats-skpdatait.dk/wp-content/uploads/2018/11/CD-DREV-SLIM.png,,,,,,,,,0,0,field_5bb49aae26abd,0,field_5bb49b0526abe,19,field_5bb49b2026abf,0,field_5bb49aae26abd,0,field_5bb49b0526abe,6,field_5bb49b2026abf,,,,,,,,,,,
501,simple,,"CPU Køler",1,0,visible,,"Disse CPU kølere passer til vores Klienter og Server PC'er.",,,taxable,,1,42,,0,0,,,,,0,,,0,Hardware,,,https://inventar.ats-skpdatait.dk/wp-content/uploads/2018/11/CPU-Køler.jpg,,,,,,,,,0,0,field_5bb49aae26abd,0,field_5bb49b0526abe,11,field_5bb49b2026abf,0,field_5bb49aae26abd,30,field_5bb49b0526abe,29,field_5bb49b2026abf,,,,,,,,,,,
503,variable,,Blæser,1,0,visible,,"Disse blæsere er 90mm.",,,taxable,,1,15,,0,0,,,,,0,,,,Hardware,,,https://inventar.ats-skpdatait.dk/wp-content/uploads/2018/11/Blæser-90mm.jpg,,,,,,,,,0,0,field_5bb49aae26abd,0,field_5bb49b0526abe,10,field_5bb49b2026abf,1,field_5bb49aae26abd,0,field_5bb49b0526abe,15,field_5bb49b2026abf,,Bærbar,"Bæbar blæser, Computer blæser",1,0,,,,,,
505,simple,,"Cisco Flash Kort",1,0,visible,,,,,taxable,,1,4,,0,0,,,,,1,,,0,Tilbehør,,,https://inventar.ats-skpdatait.dk/wp-content/uploads/2018/11/Cisco-Flash-Kort.jpg,,,,,,,,,0,0,field_5bb49aae26abd,0,field_5bb49b0526abe,4,field_5bb49b2026abf,,,,,,,,,,,,,,,,,
506,simple,,"PS2 til USB",1,0,visible,,"Denne Adapter kan bruges, hvis man har nogle PS2 keyboards eller muse.",,,taxable,,1,1,,0,0,,,,,0,,,0,"Periferiudstyr, Tilbehør",,,https://inventar.ats-skpdatait.dk/wp-content/uploads/2018/11/PS2-til-USB-Adapter.jpg,,,,,,,,,0,2,field_5bb49aae26abd,0,field_5bb49b0526abe,4,field_5bb49b2026abf,0,field_5bb49aae26abd,0,field_5bb49b0526abe,1,field_5bb49b2026abf,,,,,,,,,,,
519,simple,,"WIFI Trådløs Kort",1,0,visible,,"Fås kun til bærbar",,,taxable,,1,11,,0,0,,,,,0,,,0,Netværk,,,https://inventar.ats-skpdatait.dk/wp-content/uploads/2018/11/WIFI-Trådløs-Kort.jpg,,,,,,,,,0,0,field_5bb49aae26abd,0,field_5bb49b0526abe,17,field_5bb49b2026abf,0,field_5bb49aae26abd,0,field_5bb49b0526abe,11,field_5bb49b2026abf,,,,,,,,,,,
522,variable,,"Harddisk 2.5",1,0,visible,,"Vi har alt fra 120GB - 500GB.\n\nDisse harddiske passer til bærbare, men kan stadig bruges i en stationær. HDD",,,taxable,,1,15,,0,0,,,,,0,,,,"Hardware, Lagring &amp; HDD",,,https://inventar.ats-skpdatait.dk/wp-content/uploads/2018/11/HDD-2.5.jpg,,,,,,,,,0,0,field_5bb49aae26abd,0,field_5bb49b0526abe,17,field_5bb49b2026abf,0,field_5bb49aae26abd,0,field_5bb49b0526abe,24,field_5bb49b2026abf,,Størrelse,"120GB, 160GB, 250GB, 320GB, 500GB",1,0,,,,,,250GB
524,simple,,"Voip Headset",1,0,visible,,"Dette headset bruger IP Telefon stik.",,,taxable,,1,34,,0,0,,,,,0,,,0,Tilbehør,,,https://inventar.ats-skpdatait.dk/wp-content/uploads/2018/11/Voip-Headset.png,,,,,,,,,0,0,field_5bb49aae26abd,0,field_5bb49b0526abe,1,field_5bb49b2026abf,47,field_5bb49aae26abd,0,field_5bb49b0526abe,0,field_5bb49b2026abf,,,,,,,,,,,
526,simple,,"DDR Ram",1,0,visible,,"DDR Ram 1GB.\n\nÆldre Ram som blev brugt imellem 2000 og 2003.",,,taxable,,1,5,,0,0,,,,,0,,,0,Hardware,,,https://inventar.ats-skpdatait.dk/wp-content/uploads/2018/11/DDR1-Ram.jpg,,,,,,,,,0,0,field_5bb49aae26abd,0,field_5bb49b0526abe,45,field_5bb49b2026abf,0,field_5bb49aae26abd,0,field_5bb49b0526abe,5,field_5bb49b2026abf,,,,,,,,,,,
528,simple,,"USB Væg Oplader",1,0,visible,,"Disse USB væg opladere har 5-8 USB indgange.",,,taxable,,1,2,,0,0,,,,,1,,,0,Tilbehør,,,https://inventar.ats-skpdatait.dk/wp-content/uploads/2018/11/USB-Wall-Chrager.jpg,,,,,,,,,0,0,field_5bb49aae26abd,0,field_5bb49b0526abe,2,field_5bb49b2026abf,,,,,,,,,,,,,,,,,
532,simple,,"Lightning Kabel",1,0,visible,,"Disse kabler kan bruges til en Apple device.",,,taxable,,1,1,,0,0,,,,,1,,,0,Tilbehør,,,https://inventar.ats-skpdatait.dk/wp-content/uploads/2018/11/Lightning-Kabel.jpg,,,,,,,,,0,0,field_5bb49aae26abd,0,field_5bb49b0526abe,1,field_5bb49b2026abf,,,,,,,,,,,,,,,,,
534,simple,826955575136,Stikdåse,1,0,visible,,"Runde indgange er normal stikdåse\nSkrå indgange er en EDB stikdåse",,,taxable,,1,11,,0,1,,,,,0,,,"0,00",Tilbehør,,,"https://inventar.ats-skpdatait.dk/wp-content/uploads/2018/11/stikdåse-med-jord-og-afbryder-4-udtag-hvid.jpg, https://inventar.ats-skpdatait.dk/wp-content/uploads/2018/11/Stikdåse.jpg",,,,,,,,,0,9,field_5bb49aae26abd,0,field_5bb49b0526abe,75,field_5bb49b2026abf,20,field_5bb49aae26abd,5,field_5bb49b0526abe,29,field_5bb49b2026abf,[],Varianter,"EDB, Normal",1,0,,,,,,
540,simple,,"Dymo Labels",1,0,visible,,"Antallet er, hvor mange pakker vi har på lager.",,,taxable,,0,0,,0,0,,,,,1,,,0,Tilbehør,,,https://inventar.ats-skpdatait.dk/wp-content/uploads/2018/11/Dymo.jpg,,,,,,,,,0,0,field_5bb49aae26abd,0,field_5bb49b0526abe,2,field_5bb49b2026abf,,,,,,,,,,,,,,,,,
543,simple,,"Dymo Label Maskine",1,0,visible,,,,,taxable,,0,0,,0,0,,,,,1,,,0,Periferiudstyr,,,https://inventar.ats-skpdatait.dk/wp-content/uploads/2018/11/Dymo-Label-Maskine.jpg,,,,,,,,,0,0,field_5bb49aae26abd,0,field_5bb49b0526abe,1,field_5bb49b2026abf,,,,,,,,,,,,,,,,,
544,simple,,"Værktøj Kits",1,0,visible,,"Her har vi noget værktøj, med forskellige bits og ting.",,,taxable,,1,3,,0,0,,,,,0,,,,Tilbehør,,,https://inventar.ats-skpdatait.dk/wp-content/uploads/2018/11/Værktøj-Kits.jpg,,,,,,,,,0,0,field_5bb49aae26abd,0,field_5bb49b0526abe,3,field_5bb49b2026abf,1,field_5bb49aae26abd,1,field_5bb49b0526abe,4,field_5bb49b2026abf,[],,,,,,,,,,
546,simple,,"Kabel Rulle",1,0,visible,,"Vi har en rulle ""Cat 5e"" og en rulle ""Cat 6+"".",,,taxable,,1,2,,0,0,,,,,1,,,0,Tilbehør,,,https://inventar.ats-skpdatait.dk/wp-content/uploads/2018/11/Netværks-kabel-Rulle.jpg,,,,,,,,,0,0,field_5bb49aae26abd,0,field_5bb49b0526abe,2,field_5bb49b2026abf,,,,,,,,,,,,,,,,,
552,simple,,Kølepasta,1,0,visible,,"Dette Kølepasta er i tuber.\n\nDet kan kun udlånes, hvis du tager handsker på!",,,taxable,,1,5,,0,0,,,,,1,,,0,Tilbehør,,,https://inventar.ats-skpdatait.dk/wp-content/uploads/2018/11/Kølepasta.jpg,,,,,,,,,0,0,field_5bb49aae26abd,0,field_5bb49b0526abe,6,field_5bb49b2026abf,,,,,,,,,,,,,,,,,
561,simple,,Isopropyl,1,0,visible,,"Vi har 4 flasker.",,,taxable,,1,5,,0,0,,,,,1,,,0,Tilbehør,,,https://inventar.ats-skpdatait.dk/wp-content/uploads/2018/12/Kølepasta-Fjerner.jpg,,,,,,,,,0,1,field_5bb49aae26abd,0,field_5bb49b0526abe,4,field_5bb49b2026abf,,,,,,,,,,,,,,,,,
563,simple,,"ATA Harddisk",1,0,visible,,"Hvis man har lyst til at lege med noget gammelt hardware. \n\n40 - 60GB\n\n",,,taxable,,1,2,,0,0,,,,,1,,,0,"Lagring &amp; HDD",,,https://inventar.ats-skpdatait.dk/wp-content/uploads/2018/12/ATA-HDD.jpg,,,,,,,,,0,0,field_5bb49aae26abd,0,field_5bb49b0526abe,2,field_5bb49b2026abf,,,,,,,,,,,,,,,,,
565,simple,,Strømmåler,1,0,visible,,"De kan måler hvor mange watt du trækker ud fra kontakten.",,,taxable,,1,3,,0,0,,,,,0,,,0,Tilbehør,,,https://inventar.ats-skpdatait.dk/wp-content/uploads/2018/12/Strømmåler.jpg,,,,,,,,,0,0,field_5bb49aae26abd,0,field_5bb49b0526abe,3,field_5bb49b2026abf,,,,,,,,,,,,,,,,,
567,simple,,"USB Stik",1,0,visible,,"Vi anbefaler at man bruger minimum 8GB til installation af operativ system\nVi har 1GB - 16GB",,,taxable,,0,'-1,,0,0,,,,,0,,,0,"Lagring &amp; HDD",,,https://inventar.ats-skpdatait.dk/wp-content/uploads/2018/12/USB-Stik.jpg,,,,,,,,,0,0,field_5bb49aae26abd,0,field_5bb49b0526abe,13,field_5bb49b2026abf,10,field_5bb49aae26abd,0,field_5bb49b0526abe,0,field_5bb49b2026abf,[],Størrelse,"1 GB, 8GB, 16 GB",1,0,,,,,,
570,simple,,"Mini USB Kabel",1,0,visible,,,,,taxable,,0,'-1,,0,0,,,,,0,,,0,Tilbehør,,,https://inventar.ats-skpdatait.dk/wp-content/uploads/2018/12/Mini-USB-Kabel.jpg,,,,,,,,,0,1,field_5bb49aae26abd,0,field_5bb49b0526abe,1,field_5bb49b2026abf,4,field_5bb49aae26abd,0,field_5bb49b0526abe,4,field_5bb49b2026abf,[],,,,,,,,,,
572,simple,,"Canon Kamera",1,0,visible,,"Dette er et ""Canon 540 HS"", med batteri og lader.",,,taxable,,1,1,,0,0,,,,,1,,,0,Tilbehør,,,https://inventar.ats-skpdatait.dk/wp-content/uploads/2018/12/Canon-Camera.jpg,,,,,,,,,0,0,field_5bb49aae26abd,0,field_5bb49b0526abe,1,field_5bb49b2026abf,,,,,,,,,,,,,,,,,
574,simple,,"NFC Kortlæser",1,0,visible,,,,,taxable,,0,0,,0,0,,,,,1,,,0,Periferiudstyr,,,https://inventar.ats-skpdatait.dk/wp-content/uploads/2018/12/NFC-Kortlæser.jpg,,,,,,,,,0,0,field_5bb49aae26abd,0,field_5bb49b0526abe,1,field_5bb49b2026abf,,,,,,,,,,,,,,,,,
576,simple,,"TP Link Router",1,0,visible,,"TP link tl-ER6120",,,taxable,,0,0,,0,0,,,,,1,,,0,Netværk,,,https://inventar.ats-skpdatait.dk/wp-content/uploads/2018/12/TP-link-switches.jpg,,,,,id:401,,,,0,0,field_5bb49aae26abd,0,field_5bb49b0526abe,1,field_5bb49b2026abf,,,,,,,,,,,,,,,,,
578,simple,,"Antistatiske Poser",1,0,visible,,"De kan fås i mange forskellige størrelser.",,,taxable,,1,18,,0,0,,,,,1,,,0,Tilbehør,,,https://inventar.ats-skpdatait.dk/wp-content/uploads/2018/12/Anti-Statiske-Poser.jpg,,,,,,,,,0,0,field_5bb49aae26abd,0,field_5bb49b0526abe,18,field_5bb49b2026abf,,,,,,,,,,,,,,,,,
580,simple,,Projektor,1,0,visible,,"Her har vi en projektor som kan lånes.\n\nDer medfølger et langt kabel med VGA, HDMI, DVI og Lyd.",,,taxable,,1,1,,0,0,,,,,0,,,0,Tilbehør,,,https://inventar.ats-skpdatait.dk/wp-content/uploads/2018/12/Projekter.jpg,,,,,,,,,0,0,field_5bb49aae26abd,0,field_5bb49b0526abe,1,field_5bb49b2026abf,0,field_5bb49aae26abd,0,field_5bb49b0526abe,1,field_5bb49b2026abf,,,,,,,,,,,
584,variable,,"2-Polet Strømstik",1,0,visible,,,,,taxable,,1,12,,1,0,,,,,0,,,,Tilbehør,,,https://inventar.ats-skpdatait.dk/wp-content/uploads/2018/12/sort-double-nut-kabel-3-m.jpg,,,,,,,,,0,11,field_5bb49aae26abd,0,field_5bb49b0526abe,19,field_5bb49b2026abf,10,field_5bb49aae26abd,0,field_5bb49b0526abe,19,field_5bb49b2026abf,[],"2 Polet stik",17,1,0,,,,,,
586,simple,,"HDMI Kabel",1,0,visible,,"HDMI Kabel til en skærm eller Dockingstation.",,,taxable,,0,0,,0,0,,,,,0,,,0,Tilbehør,,,https://inventar.ats-skpdatait.dk/wp-content/uploads/2018/12/HDMI-Kable.jpg,,,,,,,,,0,6,field_5bb49aae26abd,0,field_5bb49b0526abe,2,field_5bb49b2026abf,5,field_5bb49aae26abd,3,field_5bb49b0526abe,4,field_5bb49b2026abf,,,,,,,,,,,
588,simple,,"RJ45 Tester",1,0,visible,,"Dette aparat kan bruges til at teste netkabler, om der er forbindelse eller om det er et kryds kabel.",,,taxable,,1,1,,0,0,,,,,0,,,0,"Netværk, Tilbehør",,,https://inventar.ats-skpdatait.dk/wp-content/uploads/2018/12/RJ45-Tester.jpg,,,,,,,,,0,0,field_5bb49aae26abd,0,field_5bb49b0526abe,7,field_5bb49b2026abf,0,field_5bb49aae26abd,5,field_5bb49b0526abe,5,field_5bb49b2026abf,[],,,,,,,,,,
590,simple,SKP+PCACC+006,"Konsol Kable til USB Adapter",1,0,visible,,"Detter er en USB adapter til konsol kabler.",,,taxable,,1,13,,0,0,,,,,0,,,0,"Netværk, Tilbehør",,,https://inventar.ats-skpdatait.dk/wp-content/uploads/2018/12/Konsol-Kable-USB-Adapter.jpg,,,,,,,,,0,59,field_5bb49aae26abd,0,field_5bb49b0526abe,6,field_5bb49b2026abf,50,field_5bb49aae26abd,0,field_5bb49b0526abe,0,field_5bb49b2026abf,[],,,,,,,,,,
592,simple,,"DMS59 til VGA Adapter",1,0,visible,,"Disse kan bruges hvis din PC har grafikkort i og du skal bruge VGA.",,,taxable,,1,42,,0,0,,,,,0,,,0,Tilbehør,,,https://inventar.ats-skpdatait.dk/wp-content/uploads/2018/12/DVI59-VGA.jpg,,,,,,,,,0,0,field_5bb49aae26abd,0,field_5bb49b0526abe,42,field_5bb49b2026abf,8,field_5bb49aae26abd,0,field_5bb49b0526abe,29,field_5bb49b2026abf,,,,,,,,,,,
596,simple,,"USB til Sata Dock",1,0,visible,,"Disse kan bruges til at læse, hvad der er på din harddisk. Hvis man ikke har mulighed for at putte den i en PC.",,,taxable,,1,2,,0,0,,,,,0,,,0,"Lagring &amp; HDD, Tilbehør",,,"https://inventar.ats-skpdatait.dk/wp-content/uploads/2018/12/550x550.jpg, https://inventar.ats-skpdatait.dk/wp-content/uploads/2018/12/USB312SAT3CB.png",,,,,,,,,0,0,field_5bb49aae26abd,0,field_5bb49b0526abe,2,field_5bb49b2026abf,0,field_5bb49aae26abd,0,field_5bb49b0526abe,1,field_5bb49b2026abf,,,,,,,,,,,
600,simple,,Grafikkort,1,0,visible,,"Disse Nivida NVS300 bruger kun DMS59, så det vil sige at du / i skal have en adapter.",,,taxable,,1,108,,0,0,,,,,0,,,0,Hardware,,,https://inventar.ats-skpdatait.dk/wp-content/uploads/2018/12/Graffikkort.png,,,,,"id:429, id:592",,,,0,0,field_5bb49aae26abd,0,field_5bb49b0526abe,80,field_5bb49b2026abf,0,field_5bb49aae26abd,0,field_5bb49b0526abe,110,field_5bb49b2026abf,,,,,,,,,,,
610,simple,,"Raspberry PI Zero",1,0,visible,"&nbsp;\n\n&nbsp;","Raspberry ZERO.",,,taxable,,1,2,,0,0,,,,,0,,,0,IoT,5705467007580,,https://inventar.ats-skpdatait.dk/wp-content/uploads/2018/12/Untitled.png,,,,,,,,,0,0,field_5bb49aae26abd,0,field_5bb49b0526abe,1,field_5bb49b2026abf,0,field_5bb49aae26abd,0,field_5bb49b0526abe,2,field_5bb49b2026abf,,,,,,,,,,,
656,simple,,"PS2 til 2xPS2",1,0,visible,,"PS2 til 2xPS2\n\nOfte brugt til PC'er der kun har en PS2 port og skal bruge 1 til tastetur og 1 til en mus",,,taxable,,1,1,,0,0,,,,,1,,,0,Tilbehør,,,https://inventar.ats-skpdatait.dk/wp-content/uploads/2019/03/417FZaLwxEL._SY355_.jpg,,,,,,,,,0,0,field_5bb49aae26abd,0,field_5bb49b0526abe,1,field_5bb49b2026abf,,,,,,,,,,,,,,,,,
658,simple,,Keypad,1,0,visible,,"Keypad bruges til tastetur uden keypads",,,taxable,,1,7,,0,0,,,,,1,,,0,Tilbehør,,,https://inventar.ats-skpdatait.dk/wp-content/uploads/2019/03/419Ub87dJoL._SL500_AC_SS350_.jpg,,,,,,,,,0,0,field_5bb49aae26abd,0,field_5bb49b0526abe,7,field_5bb49b2026abf,,,,,,,,,,,,,,,,,
661,simple,SKP-PCACC-004,"DVI Kabel",1,0,visible,,"DVI kabel til skærme",,,taxable,,1,113,,0,0,,,,,0,,,0,Tilbehør,,,https://inventar.ats-skpdatait.dk/wp-content/uploads/2019/03/7163vrKK8UL._SX425_.jpg,,,,,,,,,0,32,field_5bb49aae26abd,0,field_5bb49b0526abe,66,field_5bb49b2026abf,29,field_5bb49aae26abd,61,field_5bb49b0526abe,26,field_5bb49b2026abf,[],,,,,,,,,,
662,simple,,Firewire,1,0,visible,,"Dette er et 6-pin til 6-pin firewire kabel.",,,taxable,,1,1,,0,0,,,,,0,,,0,Tilbehør,,,https://inventar.ats-skpdatait.dk/wp-content/uploads/2019/03/1-8m-Firewire-6-pin-to-6-pin-Cable-20141030192205.png,,,,,,,,,0,0,field_5bb49aae26abd,0,field_5bb49b0526abe,1,field_5bb49b2026abf,0,field_5bb49aae26abd,0,field_5bb49b0526abe,1,field_5bb49b2026abf,,,,,,,,,,,
668,variable,,"DDR3 Ram",1,0,visible,,"DDR3 Ram.\n\n1GB, 2GB og 4GB Variationer.",,,taxable,,1,98,,0,0,,,,,0,,,,Hardware,,,https://inventar.ats-skpdatait.dk/wp-content/uploads/2018/08/ram.png,,,,,,,,,0,0,field_5bb49aae26abd,0,field_5bb49b0526abe,99,field_5bb49b2026abf,0,field_5bb49aae26abd,0,field_5bb49b0526abe,18,field_5bb49b2026abf,,Størrelse,"1GB, 2GB, 4GB",1,0,,,,,,2GB
672,variation,,"DDR2 RAM - 1GB",1,0,visible,,,,,taxable,parent,1,23,,0,0,,,,,0,,,0,,,,https://inventar.ats-skpdatait.dk/wp-content/uploads/2019/03/DDR2-1GB.jpg,,,id:282,,,,,,1,,,,,,,,,,,,,,Størrelse,1GB,,0,,,,,,
673,variation,,"DDR2 RAM - 2GB",1,0,visible,,,,,taxable,parent,1,85,,0,0,,,,,0,,,0,,,,https://inventar.ats-skpdatait.dk/wp-content/uploads/2019/03/DDR2-2GB.jpg,,,id:282,,,,,,2,,,,,,,,,,,,,,Størrelse,2GB,,0,,,,,,
674,variation,,"DDR2 RAM - 4GB",1,0,visible,,,,,taxable,parent,0,0,,0,0,,,,,0,,,0,,,,https://inventar.ats-skpdatait.dk/wp-content/uploads/2019/03/DDR2-4GB.jpg,,,id:282,,,,,,3,,,,,,,,,,,,,,Størrelse,4GB,,0,,,,,,
675,variation,,"DDR3 Ram - 1GB",1,0,visible,,,,,taxable,parent,1,1,,0,0,,,,,0,,,0,,,,,,,id:668,,,,,,1,,,,,,,,,,,,,,Størrelse,1GB,,0,,,,,,
676,variation,,"DDR3 Ram - 2GB",1,0,visible,,,,,taxable,parent,1,14,,0,0,,,,,0,,,0,,,,,,,id:668,,,,,,2,,,,,,,,,,,,,,Størrelse,2GB,,0,,,,,,
677,variation,,"DDR3 Ram - 4GB",1,0,visible,,,,,taxable,parent,1,3,,0,0,,,,,0,,,0,,,,,,,id:668,,,,,,3,,,,,,,,,,,,,,Størrelse,4GB,,0,,,,,,
678,variable,,"DDR2 SO-DIMM",1,0,visible,,"Bærbar RAM.\n\n1GB og 2GB Varianter.",,,taxable,,1,78,,0,0,,,,,0,,,,Hardware,,,https://inventar.ats-skpdatait.dk/wp-content/uploads/2019/03/s-l300.png,,,,,,,,,0,0,field_5bb49aae26abd,0,field_5bb49b0526abe,78,field_5bb49b2026abf,0,field_5bb49aae26abd,0,field_5bb49b0526abe,74,field_5bb49b2026abf,,Størrelse,"1GB, 2GB",1,0,,,,,,
679,variation,,"DDR2 SO-DIMM - 1GB",1,0,visible,,,,,taxable,parent,1,59,,0,0,,,,,0,,,0,,,,,,,id:678,,,,,,1,,,,,,,,,,,,,,Størrelse,1GB,,0,,,,,,
680,variation,,"DDR2 SO-DIMM - 2GB",1,0,visible,,,,,taxable,parent,1,15,,0,0,,,,,0,,,0,,,,,,,id:678,,,,,,2,,,,,,,,,,,,,,Størrelse,2GB,,0,,,,,,
682,variable,,"DDR3 SO-DIMM",1,0,visible,,"DDR3 Bærbar RAM.\n\n1GB, 2GB og 4GB Variationer.",,,taxable,,1,54,,0,0,,,,,0,,,,Hardware,,,https://inventar.ats-skpdatait.dk/wp-content/uploads/2019/03/Kingston-SODimm-Memory-500x500.png,,,,,,,,,0,0,field_5bb49aae26abd,0,field_5bb49b0526abe,56,field_5bb49b2026abf,0,field_5bb49aae26abd,0,field_5bb49b0526abe,43,field_5bb49b2026abf,,Størrelse,"1GB, 2GB, 4GB",1,0,,,,,,
683,variation,7198683034245,"DDR3 SO-DIMM - 1GB",1,0,visible,,,,,taxable,parent,1,34,,0,0,,,,,0,,,0,,,,,,,id:682,,,,,,1,,,,,,,,,,,,,,Størrelse,1GB,,0,,,,,,
684,variation,,"DDR3 SO-DIMM - 2GB",1,0,visible,,,,,taxable,parent,1,8,,0,0,,,,,0,,,0,,,,,,,id:682,,,,,,2,,,,,,,,,,,,,,Størrelse,2GB,,0,,,,,,
685,variation,,"DDR3 SO-DIMM - 4GB",1,0,visible,,,,,taxable,parent,1,1,,0,0,,,,,0,,,0,,,,,,,id:682,,,,,,3,,,,,,,,,,,,,,Størrelse,4GB,,0,,,,,,
692,variable,,CPU,1,0,visible,,"Her har vi massere forskellige CPU´er.\n\nIntel:\nIntel Core Due\n\nIntel Celeron\nIntel Core 2 Quad\nIntel Pentium4\nIntel Pentium\nIntel Pentium Dual-Core\nIntel Pentium Malay\nIntel Core I3\nIntel Core I5\n\nAMD:\nAMD 64 x2\nAMD Athlon\nAMD Opteron",,,taxable,,1,50,,0,0,,,,,0,,,,Hardware,,,https://inventar.ats-skpdatait.dk/wp-content/uploads/2019/03/323.png,,,,,,,,,0,0,field_5bb49aae26abd,0,field_5bb49b0526abe,54,field_5bb49b2026abf,0,field_5bb49aae26abd,0,field_5bb49b0526abe,27,field_5bb49b2026abf,,Type,"Intel Core Duo, Intel Core 2 Quad, Intel Pentium4, Intel Pentium, Intel Pentium Dual-Core, Intel Pentium Malay, Intel Core I3, Intel Core I5, AMD 64 x2, AMD Athlon, AMD Opteron",1,0,,,,,,
693,variation,,"CPU - Intel Core Duo",1,0,visible,,,,,taxable,parent,1,1,,0,0,,,,,0,,,0,,,,,,,id:692,,,,,,2,,,,,,,,,,,,,,Type,"Intel Core Duo",,0,,,,,,
694,variation,,"CPU - Intel Core 2 Quad",1,0,visible,,,,,taxable,parent,1,10,,0,0,,,,,0,,,0,,,,,,,id:692,,,,,,3,,,,,,,,,,,,,,Type,"Intel Core 2 Quad",,0,,,,,,
695,variation,,"CPU - Intel Pentium4",1,0,visible,,,,,taxable,parent,1,4,,0,0,,,,,0,,,0,,,,,,,id:692,,,,,,4,,,,,,,,,,,,,,Type,"Intel Pentium4",,0,,,,,,
696,variation,,"CPU - Intel Pentium",1,0,visible,,,,,taxable,parent,1,6,,0,0,,,,,0,,,0,,,,,,,id:692,,,,,,5,,,,,,,,,,,,,,Type,"Intel Pentium",,0,,,,,,
697,variation,,"CPU - Intel Pentium Dual-Core",1,0,visible,,,,,taxable,parent,1,1,,0,0,,,,,0,,,0,,,,,,,id:692,,,,,,6,,,,,,,,,,,,,,Type,"Intel Pentium Dual-Core",,0,,,,,,
698,variation,,"CPU - Intel Pentium Malay",1,0,visible,,,,,taxable,parent,1,5,,0,0,,,,,0,,,0,,,,,,,id:692,,,,,,7,,,,,,,,,,,,,,Type,"Intel Pentium Malay",,0,,,,,,
699,variation,,"CPU - Intel Core I3",1,0,visible,,,,,taxable,parent,1,12,,0,0,,,,,0,,,0,,,,,,,id:692,,,,,,8,,,,,,,,,,,,,,Type,"Intel Core I3",,0,,,,,,
700,variation,,"CPU - Intel Core I5",1,0,visible,,,,,taxable,parent,1,3,,0,0,,,,,0,,,0,,,,,,,id:692,,,,,,9,,,,,,,,,,,,,,Type,"Intel Core I5",,0,,,,,,
701,variation,,"CPU - AMD 64 x2",1,0,visible,,,,,taxable,parent,1,5,,0,0,,,,,0,,,0,,,,,,,id:692,,,,,,10,,,,,,,,,,,,,,Type,"AMD 64 x2",,0,,,,,,
702,variation,,"CPU - AMD Athlon",1,0,visible,,,,,taxable,parent,1,1,,0,0,,,,,0,,,0,,,,,,,id:692,,,,,,11,,,,,,,,,,,,,,Type,"AMD Athlon",,0,,,,,,
703,variation,,"CPU - AMD Opteron",1,0,visible,,,,,taxable,parent,1,4,,0,0,,,,,0,,,0,,,,,,,id:692,,,,,,12,,,,,,,,,,,,,,Type,"AMD Opteron",,0,,,,,,
712,variation,,"Harddisk 3.5 - 80GB",1,0,visible,,,,,taxable,parent,0,0,,0,0,,,,,0,,,0,,,,,,,59,,,,,,1,,,,,,,,,,,,,,Størrelse,80GB,,0,,,,,,
713,variation,,"Harddisk 3.5 - 160GB",1,0,visible,,,,,taxable,parent,1,5,,0,0,,,,,0,,,0,,,,,,,59,,,,,,2,,,,,,,,,,,,,,Størrelse,160GB,,0,,,,,,
714,variation,,"Harddisk 3.5 - 200GB",1,0,visible,,,,,taxable,parent,0,0,,0,0,,,,,0,,,0,,,,,,,59,,,,,,3,,,,,,,,,,,,,,Størrelse,200GB,,0,,,,,,
715,variation,,"Harddisk 3.5 - 250GB",1,0,visible,,,,,taxable,parent,1,109,,0,0,,,,,0,,,0,,,,,,,59,,,,,,4,,,,,,,,,,,,,,Størrelse,250GB,,0,,,,,,
716,variation,,"Harddisk 3.5 - 500GB",1,0,visible,,,,,taxable,parent,1,10,,0,0,,,,,0,,,0,,,,,,,59,,,,,,6,,,,,,,,,,,,,,Størrelse,500GB,,0,,,,,,
717,variation,,"Harddisk 3.5 - Enterprise 300GB",1,0,visible,,,,,taxable,parent,1,2,,0,0,,,,,0,,,0,,,,,,,59,,,,,,7,,,,,,,,,,,,,,Størrelse,"Enterprise 300GB",,0,,,,,,
718,variation,,"Harddisk 3.5 - Enterprise 1TB",1,0,visible,,,,,taxable,parent,1,2,,0,0,,,,,0,,,0,,,,,,,59,,,,,,8,,,,,,,,,,,,,,Størrelse,"Enterprise 1TB",,0,,,,,,
719,variation,,"Harddisk 3.5 - SAS 74GB",1,0,visible,,,,,taxable,parent,1,2,,0,0,,,,,0,,,0,,,,,,,59,,,,,,10,,,,,,,,,,,,,,Størrelse,"SAS 74GB",,0,,,,,,
720,variation,,"Harddisk 3.5 - SAS 300GB",1,0,visible,,,,,taxable,parent,1,2,,0,0,,,,,0,,,0,,,,,,,59,,,,,,11,,,,,,,,,,,,,,Størrelse,"SAS 300GB",,0,,,,,,
722,variation,,"Harddisk 2.5 - 120GB",1,0,visible,,,,,taxable,parent,0,0,,0,0,,,,,0,,,0,,,,,,,id:522,,,,,,1,,,,,,,,,,,,,,Størrelse,120GB,,0,,,,,,
723,variation,,"Harddisk 2.5 - 160GB",1,0,visible,,,,,taxable,parent,1,7,,0,0,,,,,0,,,0,,,,,,,id:522,,,,,,2,,,,,,,,,,,,,,Størrelse,160GB,,0,,,,,,
724,variation,,"Harddisk 2.5 - 250GB",1,0,visible,,,,,taxable,parent,0,0,,0,0,,,,,0,,,0,,,,,,,id:522,,,,,,3,,,,,,,,,,,,,,Størrelse,250GB,,0,,,,,,
725,variation,,"Harddisk 2.5 - 320GB",1,0,visible,,,,,taxable,parent,1,4,,0,0,,,,,0,,,0,,,,,,,id:522,,,,,,4,,,,,,,,,,,,,,Størrelse,320GB,,0,,,,,,,
726,variation,,"Harddisk 2.5 - 500GB",1,0,visible,,,,,taxable,parent,1,2,,0,0,,,,,0,,,0,,,,,,,id:522,,,,,,5,,,,,,,,,,,,,,Størrelse,500GB,,0,,,,,,,
728,variable,,Batteri,1,0,visible,,"Vi har:\nCMOS Batterier.\nCR2 Batterier.\nAA Batterier.\nAAA Batterier.",,,taxable,,1,87,,0,0,,,,,1,,,,Tilbehør,,,https://inventar.ats-skpdatait.dk/wp-content/uploads/2019/03/maxell-ml1220-rechargeable-cmos-battery-notebook-dreamsonline4u-1704-28-dreamsonline4u@3.jpg,,,,,,,,,0,0,field_5bb49aae26abd,0,field_5bb49b0526abe,87,field_5bb49b2026abf,,,,,,,,Type,"CMOS, CR2, AA, AAA",1,0,,,,,,,
729,variation,,"Batteri - CMOS",1,0,visible,,,,,taxable,parent,1,47,,0,0,,,,,0,,,0,,,,https://inventar.ats-skpdatait.dk/wp-content/uploads/2019/03/maxell-ml1220-rechargeable-cmos-battery-notebook-dreamsonline4u-1704-28-dreamsonline4u@3.jpg,,,id:728,,,,,,1,,,,,,,,,,,,,,Type,CMOS,,0,,,,,,,
730,variation,,"Batteri - CR2",1,0,visible,,,,,taxable,parent,1,6,,0,0,,,,,0,,,0,,,,https://inventar.ats-skpdatait.dk/wp-content/uploads/2019/03/17.0595.jpg,,,id:728,,,,,,2,,,,,,,,,,,,,,Type,CR2,,0,,,,,,,
731,variation,,"Batteri - AA",1,0,visible,,,,,taxable,parent,1,19,,0,0,,,,,0,,,0,,,,https://inventar.ats-skpdatait.dk/wp-content/uploads/2019/03/Panasonic-Pro-Power-AA-Alkaline-Battery-LR6PPG-1-5V-1x4-5410853038948-13112018-02-p.jpg,,,id:728,,,,,,3,,,,,,,,,,,,,,Type,AA,,0,,,,,,,
732,variation,,"Batteri - AAA",1,0,visible,,,,,taxable,parent,1,15,,0,0,,,,,0,,,0,,,,https://inventar.ats-skpdatait.dk/wp-content/uploads/2019/03/panasonic-str-aaa-pro-power-gold-batteri-24-stk.jpg,,,id:728,,,,,,4,,,,,,,,,,,,,,Type,AAA,,0,,,,,,,
737,variable,,"Strømforsyninger &amp; Opladerer",1,0,visible,,"Her har vi et par forskellige typer af strømforsyninger.\n\nVi har:\nBærbar oplader\nRack strømforsyninger\nStationære Power supply's",,,taxable,,1,52,,0,0,,,,,0,,,,Hardware,,,https://inventar.ats-skpdatait.dk/wp-content/uploads/2019/03/62e89ab3-b685-431f-a3f7-8511909389fa.jpg._CB303318346_.jpg,,,,,,,,,0,38,field_5bb49aae26abd,0,field_5bb49b0526abe,275,field_5bb49b2026abf,38,field_5bb49aae26abd,6,field_5bb49b0526abe,27,field_5bb49b2026abf,,Type,"Bærbar, Rack, ATX Strømforsyning",1,0,,,,,,,
738,variation,,"Strømforsyninger &amp; Opladerer - Bærbar",1,0,visible,,"Forskelige bærbare opladere",,,taxable,parent,1,22,,0,0,,,,,0,,,0,,,,https://inventar.ats-skpdatait.dk/wp-content/uploads/2018/10/Strømforsygninger-til-Bærbare-Blandet.png,,,id:737,,,,,,1,,,,,,,,,,,,,,Type,Bærbar,,0,,,,,,,
739,variation,,"Strømforsyninger &amp; Opladerer - Rack",1,0,visible,,"Power supply til Rack servere",,,taxable,parent,1,1,,0,0,,,,,0,,,0,,,,https://inventar.ats-skpdatait.dk/wp-content/uploads/2018/12/Untitledmeme.png,,,id:737,,,,,,2,,,,,,,,,,,,,,Type,Rack,,0,,,,,,,
740,variation,,"Strømforsyninger &amp; Opladerer - ATX Strømforsyning",1,0,visible,,"Almindelige power supply's",,,taxable,parent,1,10,,0,0,,,,,0,,,0,,,,https://inventar.ats-skpdatait.dk/wp-content/uploads/2018/10/PC-Strømforsygningere.png,,,id:737,,,,,,3,,,,,,,,,,,,,,Type,"ATX Strømforsyning",,0,,,,,,,
746,simple,,"Logitech Controller",1,0,visible,,"Her har vi en Logitech Controller.\n\nDen kan bruges til diverse sjove projekter.",,,taxable,,0,0,,0,0,,,,,1,,,0,Periferiudstyr,,,https://inventar.ats-skpdatait.dk/wp-content/uploads/2019/03/Logitech-Controller.jpeg,,,,,,,,,0,0,field_5bb49aae26abd,0,field_5bb49b0526abe,1,field_5bb49b2026abf,,,,,,,,,,,,,,,,,,
748,simple,,UPS,1,0,visible,,"Man bruger UPS i datacenter og generelt hvor der er servere. De giver strøm til hele systemet i et par minutter, hvis nu strømmen går.\n\nDe kan bruges til et sjovt projekt, hvis nu man gerne vil se hvordan de fungere.",,,taxable,,1,2,,0,0,,,,,1,,,0,Hardware,,,https://inventar.ats-skpdatait.dk/wp-content/uploads/2019/03/UPS.jpg,,,,,,,,,0,0,field_5bb49aae26abd,0,field_5bb49b0526abe,2,field_5bb49b2026abf,,,,,,,,,,,,,,,,,,
781,variable,,Computer,1,0,visible,,"Vi har I3, I5 og I7 computere. Og special PC'er\n\nOBS!!!\nI3 - Skal bruges som klient maskiner.\n\nI5 - Kan bruges til Server eller andre krævende projekter.\n\nI7 - Kan bruges til Server eller andre krævende projekter.\n\nSpecial PC - AMD/I5 til Xeon - DDR2 til DDR4\n\nSD Lagerfeltet er opdateret d. 28-11-19\n\nTechdesk lagerfelt opdateret d. 06.01.20",,,taxable,,1,,,0,0,,,,,0,,,,Computer,,,https://inventar.ats-skpdatait.dk/wp-content/uploads/2019/04/71paj43XroL._SX425_.jpg,,,,,,id:397,,,0,78,field_5bb49aae26abd,0,field_5bb49b0526abe,84,field_5bb49b2026abf,44,field_5bb49aae26abd,38,field_5bb49b0526abe,27,field_5bb49b2026abf,[],"Se liste","I3, I5, I7, Special PC",1,0,,,,,,,
789,variation,4567095970572,"Computer - I3",1,0,visible,,"CPU: I3\nRAM: 6GB\nHDD: 250GB\nEAN: 4567095970572\nBlå Prik",,,taxable,parent,1,,,0,0,,,,,0,,,0,,,,https://inventar.ats-skpdatait.dk/wp-content/uploads/2019/04/I3-PC.jpg,,,id:781,,,id:397,,,2,,,,,,,,,,,,,,"Se liste",I3,,0,,,,,,,
790,variation,2991759369464,"Computer - I5",1,0,visible,,"CPU: I5\nRAM: 8GB\nSSD: 120GB - 240GB\nHDD: 250 - 500GB\nGrøn Prik\n\nAlt kan udskiftes efter behov.",,,taxable,parent,1,,,0,0,,,,,0,,,0,,,,https://inventar.ats-skpdatait.dk/wp-content/uploads/2019/04/I5-PC.jpg,,,id:781,,,id:397,,,3,,,,,,,,,,,,,,"Se liste",I5,,0,,,,,,,
791,variation,2582899469246,"Computer - I7",1,0,visible,,"CPU: I7\nRAM: 8-16GB\nSSD\nSSD: 120GB - 240GB\nHDD: 250 - 500GB\nGul Prik\n\nAlt kan udskiftes efter behov.",,,taxable,parent,1,,,0,0,,,,,0,,,0,,,,https://inventar.ats-skpdatait.dk/wp-content/uploads/2019/04/I7-PC.jpg,,,id:781,,,id:397,,,4,,,,,,,,,,,,,,"Se liste",I7,,0,,,,,,,
798,simple,,Switch,1,0,visible,,"Normal / ""Dum"" Switch.",,,taxable,,1,22,2,0,0,,,,,0,,,0,Netværk,,,https://inventar.ats-skpdatait.dk/wp-content/uploads/2018/07/Switch.png,,,,,id:401,,,,0,0,field_5bb49aae26abd,0,field_5bb49b0526abe,28,field_5bb49b2026abf,15,field_5bb49aae26abd,0,field_5bb49b0526abe,11,field_5bb49b2026abf,[],,,,,,,,,,,
799,simple,,Router,1,0,visible,,"Normal / ""Dum"" Router.",,,taxable,,1,14,2,0,0,,,,,0,,,0,Netværk,,,https://inventar.ats-skpdatait.dk/wp-content/uploads/2019/04/Lille-Router.jpg,,,,,id:401,,,,0,8,field_5bb49aae26abd,0,field_5bb49b0526abe,20,field_5bb49b2026abf,43,field_5bb49aae26abd,0,field_5bb49b0526abe,10,field_5bb49b2026abf,[],,,,,,,,,,,
805,variable,,Forlængere,1,0,visible,,"Vi har en masse forskeliige forlængere til div. situationer.",,,taxable,,1,11,,0,0,,,,,0,,,,Tilbehør,,,https://inventar.ats-skpdatait.dk/wp-content/uploads/2018/12/USB-Forlænger.jpg,,,,,,,,,0,0,field_5bb49aae26abd,0,field_5bb49b0526abe,73,field_5bb49b2026abf,3,field_5bb49aae26abd,0,field_5bb49b0526abe,9,field_5bb49b2026abf,,"Se Liste","VGA Forlænger, HDMI Forlænger, USB Forlænger, Strømstik Forlænger, Minijack 3.5mm Forlænger, PS2 Forlænger",1,0,,,,,,,
806,variation,,"Forlængere - VGA Forlænger",1,0,visible,,"Hvis dit VGA kabel er for kort.",,,taxable,parent,1,6,,0,0,,,,,0,,,0,,,,https://inventar.ats-skpdatait.dk/wp-content/uploads/2019/03/vga-forlaenger-kabel-1-8-m-big.jpg,,,id:805,,,,,,1,,,,,,,,,,,,,,"Se Liste","VGA Forlænger",,0,,,,,,,
807,variation,,"Forlængere - HDMI Forlænger",1,0,visible,,"En lille forlænger til et HDMI Kabel.",,,taxable,parent,1,1,,0,0,,,,,0,,,0,,,,https://inventar.ats-skpdatait.dk/wp-content/uploads/2018/11/HDMI-Forlænger.jpg,,,id:805,,,,,,2,,,,,,,,,,,,,,"Se Liste","HDMI Forlænger",,0,,,,,,,
808,variation,,"Forlængere - USB Forlænger",1,0,visible,,"Hvis du har brug for at set en USB enhed i en pc eller andet og den ikke kan nå.",,,taxable,parent,1,9,,0,0,,,,,0,,,0,,,,https://inventar.ats-skpdatait.dk/wp-content/uploads/2018/12/USB-Forlænger.jpg,,,id:805,,,,,,3,,,,,,,,,,,,,,"Se Liste","USB Forlænger",,0,,,,,,,
809,variation,,"Forlængere - Strømstik Forlænger",1,0,visible,,"Hvis dit strømstik ikke kan nå den ønskede længde.",,,taxable,parent,1,61,,0,0,,,,,0,,,0,,,,https://inventar.ats-skpdatait.dk/wp-content/uploads/2018/10/Strømstik-forlængere.png,,,id:805,,,,,,4,,,,,,,,,,,,,,"Se Liste","Strømstik Forlænger",,0,,,,,,,
810,variation,,"Forlængere - Minijack 3.5mm Forlænger",1,0,visible,,"Hvis dit jackstik ikke kan nå.",,,taxable,parent,1,7,,0,0,,,,,0,,,0,,,,https://inventar.ats-skpdatait.dk/wp-content/uploads/2018/10/minijack-35mm-forlængere.png,,,id:805,,,,,,5,,,,,,,,,,,,,,"Se Liste","Minijack 3.5mm Forlænger",,0,,,,,,,
811,variation,,"Forlængere - PS2 Forlænger",1,0,visible,,,,,taxable,parent,1,1,,0,0,,,,,0,,,0,,,,https://inventar.ats-skpdatait.dk/wp-content/uploads/2019/04/5270PS2.jpg,,,id:805,,,,,,6,,,,,,,,,,,,,,"Se Liste","PS2 Forlænger",,0,,,,,,,
812,variation,,"Docking Station - Gammel Dock",1,0,visible,,"Gammel Dockingstaion",,,taxable,parent,1,10,,0,0,,,,,0,,,0,,,,https://inventar.ats-skpdatait.dk/wp-content/uploads/2019/04/old-dock.jpg,,,id:395,,,,,,1,,,,,,,,,,,,,,"Se liste","Gammel Dock",,0,,,,,,,
813,variation,,"Docking Station - Nye Dock",1,0,visible,,,,,taxable,parent,1,6,,0,0,,,,,0,,,0,,,,https://inventar.ats-skpdatait.dk/wp-content/uploads/2018/10/HP-Docking-Station-NY.png,,,id:395,,,,,,2,,,,,,,,,,,,,,"Se liste","Nye Dock",,0,,,,,,,
821,simple,,"USB til DVD-drev",1,0,visible,,"Et DVD drev der kan sættes til en normal computer ved hjælp af USB",,,taxable,,0,0,,0,0,,,,,0,,,0,Periferiudstyr,,,https://inventar.ats-skpdatait.dk/wp-content/uploads/2019/04/31kDYdo2y0L.jpg,,,,,,,,,0,0,field_5bb49aae26abd,0,field_5bb49b0526abe,1,field_5bb49b2026abf,0,field_5bb49aae26abd,0,field_5bb49b0526abe,0,field_5bb49b2026abf,[],,,,,,,,,,,
826,variation,7889277490560,"Computer - Special PC",1,0,visible,,"CPU: AMD/I5 til XEON\nRAM: DDR2 til DDR4",,,taxable,parent,1,,,0,0,,,,,0,,,0,,,,https://inventar.ats-skpdatait.dk/wp-content/uploads/2019/04/612367_1.png,,,id:781,,,id:397,,,1,,,,,,,,,,,,,,"Se liste","Special PC",,0,,,,,,,
829,variable,,"Strøm Adapter",1,0,visible,,"Volt 5-48\nAmp 0,38-over 2",,,taxable,,1,175,,0,0,,,,,0,,,,Tilbehør,,,https://inventar.ats-skpdatait.dk/wp-content/uploads/2019/04/strøm-adapter.jpg,,,,,,,,,0,171,field_5bb49aae26abd,0,field_5bb49b0526abe,0,field_5bb49b2026abf,0,field_5bb49aae26abd,0,field_5bb49b0526abe,0,field_5bb49b2026abf,,"Se liste","Volt 5 Amp 2, Volt 5 Amp under 2, Volt 6-11 Amp 0\,6-1, Volt 12 Amp 1, Volt 14 Amp 0\,8-5, Volt 15-48 Amp 0\,38-1\,1, Diverse Strømforsyninger",1,0,,,,,,,
832,variation,,"Strøm Adapter - Volt 5 Amp 2",1,0,visible,,,,,taxable,parent,1,21,,0,0,,,,,0,,,0,,,,,,,id:829,,,,,,1,,,,,,,,,,,,,,"Se liste","Volt 5 Amp 2",,0,,,,,,,
833,variation,,"Strøm Adapter - Volt 5 Amp under 2",1,0,visible,,,,,taxable,parent,1,20,,0,0,,,,,0,,,0,,,,,,,id:829,,,,,,2,,,,,,,,,,,,,,"Se liste","Volt 5 Amp under 2",,0,,,,,,,
834,variation,,"Strøm Adapter - Volt 6-11 Amp 0,6-1",1,0,visible,,,,,taxable,parent,1,40,,0,0,,,,,0,,,0,,,,,,,id:829,,,,,,3,,,,,,,,,,,,,,"Se liste","Volt 6-11 Amp 0\,6-1",,0,,,,,,,
835,variation,,"Strøm Adapter - Volt 12 Amp 1",1,0,visible,,,,,taxable,parent,1,30,,0,0,,,,,0,,,0,,,,,,,id:829,,,,,,4,,,,,,,,,,,,,,"Se liste","Volt 12 Amp 1",,0,,,,,,,
836,variation,,"Strøm Adapter - Volt 14 Amp 0,8-5",1,0,visible,,,,,taxable,parent,1,6,,0,0,,,,,0,,,0,,,,,,,id:829,,,,,,5,,,,,,,,,,,,,,"Se liste","Volt 14 Amp 0\,8-5",,0,,,,,,,
837,variation,,"Strøm Adapter - Volt 15-48 Amp 0,38-1,1",1,0,visible,,,,,taxable,parent,1,26,,0,0,,,,,0,,,0,,,,,,,id:829,,,,,,6,,,,,,,,,,,,,,"Se liste","Volt 15-48 Amp 0\,38-1\,1",,0,,,,,,,
838,variation,,"Strøm Adapter - Diverse Strømforsyninger",1,0,visible,,"Forskellige Amp og Volt som ikke høre under de andre kategorier",,,taxable,parent,1,28,,0,0,,,,,0,,,0,,,,,,,id:829,,,,,,7,,,,,,,,,,,,,,"Se liste","Diverse Strømforsyninger",,0,,,,,,,
871,simple,,"IDE/SATA adapter USB3",1,0,visible,,,,,taxable,,1,4,,0,0,,,,,0,,,0,Tilbehør,,,https://inventar.ats-skpdatait.dk/wp-content/uploads/2019/05/usb-sata-adapter.jpg,,,,,,,,,0,0,field_5bb49aae26abd,0,field_5bb49b0526abe,4,field_5bb49b2026abf,0,field_5bb49aae26abd,0,field_5bb49b0526abe,2,field_5bb49b2026abf,,,,,,,,,,,,
938,variation,,"Harddisk 3.5 - Enterprise 2TB",1,0,visible,,,,,taxable,parent,1,1,,0,0,,,,,0,,,0,,,,,,,59,,,,,,9,,,,,,,,,,,,,,Størrelse,"Enterprise 2TB",,0,,,,,,,
1023,simple,,"Trust Webcam",1,0,visible,,"Et fuld HD webkamera med indbygget mikrofon",,,taxable,,1,10,,0,0,,,,,0,,,0,Periferiudstyr,,,https://inventar.ats-skpdatait.dk/wp-content/uploads/2019/08/61BCVMY87hL._AC_SX466_.jpg,,,,,,,,,0,0,field_5bb49aae26abd,1,field_5bb49b0526abe,2,field_5bb49b2026abf,0,field_5bb49aae26abd,0,field_5bb49b0526abe,8,field_5bb49b2026abf,[],,,,,,,,,,,2019-08-07
1086,variation,,"SSD - 80GB",1,0,visible,,"Disse bruger Micro SATA",,,taxable,parent,1,3,,0,0,,,,,0,,,0,,,,,,,id:449,,,,,,1,,,,,,,,,,,,,,Type,80GB,,0,,,,,,,
1087,variation,,"SSD - 128GB",1,0,visible,,,,,taxable,parent,1,11,,0,0,,,,,0,,,0,,,,,,,id:449,,,,,,2,,,,,,,,,,,,,,Type,128GB,,0,,,,,,,
1088,variation,,"SSD - 240GB",1,0,visible,,,,,taxable,parent,1,1,,0,0,,,,,0,,,0,,,,,,,id:449,,,,,,3,,,,,,,,,,,,,,Type,240GB,,0,,,,,,,
1121,variation,,"Harddisk 3.5 - 320GB",1,0,visible,,,,,taxable,parent,1,2,,0,0,,,,,0,,,0,,,,,,,59,,,,,,5,,,,,,,,,,,,,,Størrelse,320GB,,0,,,,,,,
1142,simple,,"RJ45 muffe",1,0,visible,,"RJ45 forlænger",,,taxable,,1,13,,0,0,,,,,0,,,0,"Netværk, Tilbehør",,,https://inventar.ats-skpdatait.dk/wp-content/uploads/2019/09/NP0054.png,,,,,,,,,0,,,,,,,7,field_5bb49aae26abd,0,field_5bb49b0526abe,4,field_5bb49b2026abf,,,,,,,,,,,,
1224,simple,,"Displayport til HDMI Adapter",1,0,visible,,"Denne adapter kan bruges til at konverter signalet fra din computer/dockingstation om fra Displayport til HDMI",,,taxable,,1,1,,0,1,,,,,0,,,,Tilbehør,,,https://inventar.ats-skpdatait.dk/wp-content/uploads/2019/09/F3W43AA-1_T1539230886.jpg,,,,,,,,,0,,,,,,,0,field_5bb49aae26abd,0,field_5bb49b0526abe,1,field_5bb49b2026abf,,,,,,,,,,,,
1585,simple,,"Harddisk 3.5 750GB",1,0,visible,,,,,taxable,,1,,,0,0,,,,,0,,,,"Lagring &amp; HDD",,,,,,,,,,,,0,,,,,,,0,field_5bb49aae26abd,0,field_5bb49b0526abe,1,field_5bb49b2026abf,,,,,,,,,,,,
1589,variation,,CPU,1,0,visible,,"Det er en Intel 7, vi kan i øjeblikket ikke ændre/tilføje navn.",,,taxable,parent,1,,,0,0,,,,,0,,,,,,,,,,id:692,,,,,,1,,,,,,,,,,,,,,Type,,,0,,,,,,,
1598,simple,,Server,0,0,visible,,"Thinkserver\n\nSpecs:",,,taxable,,1,20,,0,0,,,,,0,,,"0,00",Computer,,,https://inventar.ats-skpdatait.dk/wp-content/uploads/2018/08/Stærkere-Server.jpg,,,,,,,,,0,,,,,,,20,field_5bb49aae26abd,0,field_5bb49b0526abe,0,field_5bb49b2026abf,[],,,,,,,,,,,
1722,simple,,"Mini USB til Ethernet Adaptor",1,0,visible,,,,,taxable,,1,,,0,0,,,,,0,,,,Tilbehør,,,,,,,,,,,,0,,,,,,,0,field_5bb49aae26abd,0,field_5bb49b0526abe,1,field_5bb49b2026abf,,,,,,,,,,,,
1761,simple,,"Raspberry Pi 2",1,0,visible,,"Raspberry Pi 2 (standard)",,,taxable,,1,17,,0,0,,,,,0,,,0,IoT,,,https://inventar.ats-skpdatait.dk/wp-content/uploads/2019/12/Raspberry-Pi-2.png,,,,,,,,,0,,,,,,,0,field_5bb49aae26abd,0,field_5bb49b0526abe,20,field_5bb49b2026abf,[],,,,,,,,,,,
1763,simple,,"LCD Display 2x16",1,0,visible,,"2 x 16 char parallel.\n\nSort på grøn uden baglys\n\nDatablad kan findes på RS-online under 162C-BA-BC",,,taxable,,1,9,,0,0,,,,,0,,,0,IoT,,,https://inventar.ats-skpdatait.dk/wp-content/uploads/2019/12/LCD-Display.jpg,,,,,,,,,0,,,,,,,0,field_5bb49aae26abd,0,field_5bb49b0526abe,9,field_5bb49b2026abf,,,,,,,,,,,,
1765,simple,,"Arduino Uno R3",1,0,visible,,,,,taxable,,1,17,,0,0,,,,,0,,,0,IoT,,,https://inventar.ats-skpdatait.dk/wp-content/uploads/2019/12/Arduino-Uno-R3-1.jpg,,,,,,,,,0,,,,,,,0,field_5bb49aae26abd,0,field_5bb49b0526abe,16,field_5bb49b2026abf,,,,,,,,,,,,
1769,simple,,"Sparkfun Weather Shield",1,0,visible,,"Shield som passer til Arduino Uno.\n\nMåling af temperatur, luftfugtighed, lys-indfald og lufttryk",,,taxable,,1,8,,0,0,,,,,0,,,0,IoT,,,https://inventar.ats-skpdatait.dk/wp-content/uploads/2019/12/Sparkfun-weather-shield.jpg,,,,,,,,,0,,,,,,,0,field_5bb49aae26abd,0,field_5bb49b0526abe,20,field_5bb49b2026abf,,,,,,,,,,,,
1771,simple,,"Grove- WS2813 RGB LED Strip",1,0,visible,,"Vandsikker - 60 LED/m - 1m",,,taxable,,1,4,,0,0,,,,,0,,,0,IoT,,,https://inventar.ats-skpdatait.dk/wp-content/uploads/2019/12/LED-Strip.jpg,,,,,,,,,0,,,,,,,0,field_5bb49aae26abd,0,field_5bb49b0526abe,4,field_5bb49b2026abf,,,,,,,,,,,,
1773,simple,,"NOOBS Raspberrian",1,0,visible,,"OS til Raspberry Pi",,,taxable,,1,19,,0,0,,,,,0,,,0,IoT,,,https://inventar.ats-skpdatait.dk/wp-content/uploads/2019/12/Raspberry-Pi-SD.jpg,,,,,,,,,0,,,,,,,0,field_5bb49aae26abd,0,field_5bb49b0526abe,21,field_5bb49b2026abf,,,,,,,,,,,,
1775,simple,,"SD Kort - 16 Gb",1,0,visible,,"15 x (16 Gb)",,,taxable,,1,11,,0,0,,,,,0,,,0,IoT,,,https://inventar.ats-skpdatait.dk/wp-content/uploads/2019/12/SD.jpg,,,,,,,,,0,,,,,,,0,field_5bb49aae26abd,0,field_5bb49b0526abe,15,field_5bb49b2026abf,[],,,,,,,,,,,
1777,simple,,"PIR sensor shield",1,0,visible,,"PIR sensor med aktiv høj udgang når den måler bevægelse.\n\nAfstand 7,5 m.",,,taxable,,1,2,,0,0,,,,,0,,,0,IoT,,,https://inventar.ats-skpdatait.dk/wp-content/uploads/2019/12/PIR-sensor.jpg,,,,,,,,,0,,,,,,,0,field_5bb49aae26abd,0,field_5bb49b0526abe,2,field_5bb49b2026abf,,,,,,,,,,,,
1780,simple,,"Project Board",1,0,visible,,"Til at skabe elektroniske kredsløb",,,taxable,,1,6,,0,0,,,,,0,,,0,IoT,,,https://inventar.ats-skpdatait.dk/wp-content/uploads/2019/12/project-board.jpg,,,,,,,,,0,,,,,,,0,field_5bb49aae26abd,0,field_5bb49b0526abe,6,field_5bb49b2026abf,,,,,,,,,,,,
1786,simple,,"PLA Filament",1,0,visible,,"3.0mm PLA Filament\n\nSort\n\nGul",,,taxable,,1,2,,0,0,,,,,0,,,0,Tilbehør,,,https://inventar.ats-skpdatait.dk/wp-content/uploads/2019/12/PLD-filament.jpg,,,,,,,,,0,,,,,,,0,field_5bb49aae26abd,0,field_5bb49b0526abe,2,field_5bb49b2026abf,,,,,,,,,,,,
1791,simple,,KY-003,1,0,visible,,"Hall Magnetfeld-Sensor Modul\n\n&nbsp;",,,taxable,,1,1,,0,0,,,,,0,,,0,IoT,,,https://inventar.ats-skpdatait.dk/wp-content/uploads/2019/12/Ky-003.jpg,,,,,,,,,0,,,,,,,0,field_5bb49aae26abd,0,field_5bb49b0526abe,1,field_5bb49b2026abf,,,,,,,,,,,,
1793,simple,,Ky-002,1,0,visible,,"Erschütterungs-Schalter Modul\n\n(Vibrationsomskifter modul)",,,taxable,,1,1,,0,0,,,,,0,,,0,IoT,,,https://inventar.ats-skpdatait.dk/wp-content/uploads/2019/12/ky-002.jpg,,,,,,,,,0,,,,,,,0,field_5bb49aae26abd,0,field_5bb49b0526abe,1,field_5bb49b2026abf,,,,,,,,,,,,
1795,simple,,Ky-006,1,0,visible,,"Passivt Piezo-Buzzer Modul",,,taxable,,1,1,,0,0,,,,,0,,,0,IoT,,,https://inventar.ats-skpdatait.dk/wp-content/uploads/2019/12/ky-006.jpg,,,,,,,,,0,,,,,,,0,field_5bb49aae26abd,0,field_5bb49b0526abe,1,field_5bb49b2026abf,,,,,,,,,,,,
1797,simple,,Ky-010,1,0,visible,,"Lichtschranken-Modul\n\n(Fotoelektrisk Modul)",,,taxable,,1,1,,0,0,,,,,0,,,0,IoT,,,https://inventar.ats-skpdatait.dk/wp-content/uploads/2019/12/ky-010.jpg,,,,,,,,,0,,,,,,,0,field_5bb49aae26abd,0,field_5bb49b0526abe,1,field_5bb49b2026abf,,,,,,,,,,,,
1799,simple,,KY-021,1,0,visible,,"Mini Magnet Reed Modul",,,taxable,,1,1,,0,0,,,,,0,,,0,IoT,,,https://inventar.ats-skpdatait.dk/wp-content/uploads/2019/12/ky-021.jpg,,,,,,,,,0,,,,,,,0,field_5bb49aae26abd,0,field_5bb49b0526abe,1,field_5bb49b2026abf,,,,,,,,,,,,
1801,simple,,KY-020,1,0,visible,,"Neigungs-Schalter Modul\n\n(Tilt Switch Modul)",,,taxable,,1,1,,0,0,,,,,0,,,0,IoT,,,https://inventar.ats-skpdatait.dk/wp-content/uploads/2019/12/ky-020.jpg,,,,,,,,,0,,,,,,,0,field_5bb49aae26abd,0,field_5bb49b0526abe,1,field_5bb49b2026abf,,,,,,,,,,,,
1803,simple,,KY-024,1,0,visible,,"Linear Magnetic Hall Sensor",,,taxable,,1,1,,0,0,,,,,0,,,0,IoT,,,https://inventar.ats-skpdatait.dk/wp-content/uploads/2019/12/Ky-024.jpg,,,,,,,,,0,,,,,,,0,field_5bb49aae26abd,0,field_5bb49b0526abe,1,field_5bb49b2026abf,,,,,,,,,,,,
1805,simple,,KY-023,1,0,visible,,"Joystick Modul (XY-akse)",,,taxable,,1,1,,0,0,,,,,0,,,0,IoT,,,https://inventar.ats-skpdatait.dk/wp-content/uploads/2019/12/ky-023.jpg,,,,,,,,,0,,,,,,,0,field_5bb49aae26abd,0,field_5bb49b0526abe,1,field_5bb49b2026abf,,,,,,,,,,,,
1807,simple,,KY-025,1,0,visible,,"Reed Modul",,,taxable,,1,1,,0,0,,,,,0,,,0,IoT,,,https://inventar.ats-skpdatait.dk/wp-content/uploads/2019/12/ky-025.jpg,,,,,,,,,0,,,,,,,0,field_5bb49aae26abd,0,field_5bb49b0526abe,1,field_5bb49b2026abf,,,,,,,,,,,,
1809,simple,,KY-026,1,0,visible,,"Flamme-Sensor Modul",,,taxable,,1,1,,0,0,,,,,0,,,0,IoT,,,https://inventar.ats-skpdatait.dk/wp-content/uploads/2019/12/KY-026.jpg,,,,,,,,,0,,,,,,,0,field_5bb49aae26abd,0,field_5bb49b0526abe,1,field_5bb49b2026abf,,,,,,,,,,,,
1811,simple,,KY-016,1,0,visible,,"RGB 5mm LED Modul",,,taxable,,1,1,,0,0,,,,,0,,,0,IoT,,,https://inventar.ats-skpdatait.dk/wp-content/uploads/2019/12/ky-016.jpg,,,,,,,,,0,,,,,,,0,field_5bb49aae26abd,0,field_5bb49b0526abe,1,field_5bb49b2026abf,,,,,,,,,,,,
1813,simple,,KY-017,1,0,visible,,"Mercury tilt switch",,,taxable,,1,1,,0,0,,,,,0,,,0,IoT,,,https://inventar.ats-skpdatait.dk/wp-content/uploads/2019/12/ky-017.jpg,,,,,,,,,0,,,,,,,0,field_5bb49aae26abd,0,field_5bb49b0526abe,1,field_5bb49b2026abf,,,,,,,,,,,,
1815,simple,,KY-012,1,0,visible,,"Buzzer Alarm Modul",,,taxable,,1,1,,0,0,,,,,0,,,0,IoT,,,https://inventar.ats-skpdatait.dk/wp-content/uploads/2019/12/ky-012.jpg,,,,,,,,,0,,,,,,,0,field_5bb49aae26abd,0,field_5bb49b0526abe,1,field_5bb49b2026abf,,,,,,,,,,,,
1817,simple,,KY-013,1,0,visible,,"Temperatur-Sensor Modul",,,taxable,,1,1,,0,0,,,,,0,,,0,IoT,,,https://inventar.ats-skpdatait.dk/wp-content/uploads/2019/12/ky-013.jpg,,,,,,,,,0,,,,,,,0,field_5bb49aae26abd,0,field_5bb49b0526abe,1,field_5bb49b2026abf,,,,,,,,,,,,
1819,simple,,KY-036,1,0,visible,,"Metal Touch-Sensor Modul",,,taxable,,1,1,,0,0,,,,,0,,,0,IoT,,,https://inventar.ats-skpdatait.dk/wp-content/uploads/2019/12/ky-036.jpg,,,,,,,,,0,,,,,,,0,field_5bb49aae26abd,0,field_5bb49b0526abe,1,field_5bb49b2026abf,,,,,,,,,,,,
1821,simple,,Ky-040,1,0,visible,,"Rotary Encoder",,,taxable,,1,1,,0,0,,,,,0,,,0,IoT,,,https://inventar.ats-skpdatait.dk/wp-content/uploads/2019/12/ky-040.jpg,,,,,,,,,0,,,,,,,0,field_5bb49aae26abd,0,field_5bb49b0526abe,1,field_5bb49b2026abf,,,,,,,,,,,,
1823,simple,,KY-035,1,0,visible,,"Analog Hall Magnet Modul",,,taxable,,1,1,,0,0,,,,,0,,,0,IoT,,,https://inventar.ats-skpdatait.dk/wp-content/uploads/2019/12/ky-035.jpg,,,,,,,,,0,,,,,,,0,field_5bb49aae26abd,0,field_5bb49b0526abe,1,field_5bb49b2026abf,,,,,,,,,,,,
1825,simple,,KY-053,1,0,visible,,"Analog Digital Converter",,,taxable,,1,1,,0,0,,,,,0,,,0,IoT,,,https://inventar.ats-skpdatait.dk/wp-content/uploads/2019/12/ky-053.jpg,,,,,,,,,0,,,,,,,0,field_5bb49aae26abd,0,field_5bb49b0526abe,1,field_5bb49b2026abf,,,,,,,,,,,,
1827,simple,,KY-052,1,0,visible,,"Pressure Sensor Modul",,,taxable,,1,1,,0,0,,,,,0,,,0,IoT,,,https://inventar.ats-skpdatait.dk/wp-content/uploads/2019/12/ky-052.jpg,,,,,,,,,0,,,,,,,0,field_5bb49aae26abd,0,field_5bb49b0526abe,1,field_5bb49b2026abf,,,,,,,,,,,,
1829,simple,,KY-031,1,0,visible,,"Knock-Sensor Modul",,,taxable,,1,1,,0,0,,,,,0,,,0,IoT,,,https://inventar.ats-skpdatait.dk/wp-content/uploads/2019/12/ky-031.jpg,,,,,,,,,0,,,,,,,0,field_5bb49aae26abd,0,field_5bb49b0526abe,1,field_5bb49b2026abf,,,,,,,,,,,,
1831,simple,,KY-029,1,0,visible,,"2 Color Red &amp; Green",,,taxable,,1,1,,0,0,,,,,0,,,0,IoT,,,https://inventar.ats-skpdatait.dk/wp-content/uploads/2019/12/ky-029.jpg,,,,,,,,,0,,,,,,,0,field_5bb49aae26abd,0,field_5bb49b0526abe,1,field_5bb49b2026abf,,,,,,,,,,,,
1833,simple,,KY-050,1,0,visible,,"Ultrasonic Distance Sensor",,,taxable,,1,1,,0,0,,,,,0,,,0,IoT,,,https://inventar.ats-skpdatait.dk/wp-content/uploads/2019/12/ky-050.jpg,,,,,,,,,0,,,,,,,0,field_5bb49aae26abd,0,field_5bb49b0526abe,01,field_5bb49b2026abf,,,,,,,,,,,,
1835,simple,,KY-033,1,0,visible,,"Tracking Sensor Modul",,,taxable,,1,1,,0,0,,,,,0,,,0,IoT,,,https://inventar.ats-skpdatait.dk/wp-content/uploads/2019/12/ky-033.jpg,,,,,,,,,0,,,,,,,0,field_5bb49aae26abd,0,field_5bb49b0526abe,1,field_5bb49b2026abf,,,,,,,,,,,,
1837,simple,,KY-037,1,0,visible,,"Microphone Sensor Modul",,,taxable,,1,1,,0,0,,,,,0,,,0,IoT,,,https://inventar.ats-skpdatait.dk/wp-content/uploads/2019/12/ky-037.jpg,,,,,,,,,0,,,,,,,0,field_5bb49aae26abd,0,field_5bb49b0526abe,1,field_5bb49b2026abf,,,,,,,,,,,,
1839,simple,,KY-004,1,0,visible,,"Key Switch Modul",,,taxable,,1,1,,0,0,,,,,0,,,0,IoT,,,https://inventar.ats-skpdatait.dk/wp-content/uploads/2019/12/ky-004.jpg,,,,,,,,,0,,,,,,,0,field_5bb49aae26abd,0,field_5bb49b0526abe,1,field_5bb49b2026abf,,,,,,,,,,,,
1841,simple,,KY-001,1,0,visible,,"Temperatur Sensor Modul",,,taxable,,1,1,,0,0,,,,,0,,,0,IoT,,,https://inventar.ats-skpdatait.dk/wp-content/uploads/2019/12/ky-001.jpg,,,,,,,,,0,,,,,,,0,field_5bb49aae26abd,0,field_5bb49b0526abe,1,field_5bb49b2026abf,,,,,,,,,,,,
1843,simple,,"SKP-IOT 003",1,0,visible,,"Traffiklys 5V",,,taxable,,1,2,,0,0,,,,,0,,,0,IoT,,,https://inventar.ats-skpdatait.dk/wp-content/uploads/2019/12/003.jpg,,,,,,,,,0,,,,,,,0,field_5bb49aae26abd,0,field_5bb49b0526abe,2,field_5bb49b2026abf,,,,,,,,,,,,
1845,simple,,"SKP-IOT 005",1,0,visible,,"1 stk. Adresserbar LED WS2812 (13) Protokol",,,taxable,,1,10,,0,0,,,,,0,,,0,IoT,,,https://inventar.ats-skpdatait.dk/wp-content/uploads/2019/12/ws2812.jpg,,,,,,,,,0,,,,,,,0,field_5bb49aae26abd,0,field_5bb49b0526abe,10,field_5bb49b2026abf,,,,,,,,,,,,
1846,simple,,"SKP-IOT 004",1,0,visible,,"3 stk. Adresserbar LED WS2812 (13) Protokol",,,taxable,,1,5,,0,0,,,,,0,,,0,IoT,,,https://inventar.ats-skpdatait.dk/wp-content/uploads/2019/12/ws2812.jpg,,,,,,,,,0,,,,,,,0,field_5bb49aae26abd,0,field_5bb49b0526abe,5,field_5bb49b2026abf,,,,,,,,,,,,
1847,simple,,"SKP-IOT 001",1,0,visible,,"Infrared Sensor",,,taxable,,1,4,,0,0,,,,,0,,,0,IoT,,,https://inventar.ats-skpdatait.dk/wp-content/uploads/2019/12/infrared.jpg,,,,,,,,,0,,,,,,,0,field_5bb49aae26abd,0,field_5bb49b0526abe,4,field_5bb49b2026abf,,,,,,,,,,,,
1848,simple,,"SKP-IOT 002 - 5V - 3,3V Converter",1,0,visible,,"5V - 3,3V Converter",,,taxable,,1,3,,0,0,,,,,0,,,0,IoT,,,,,,,,,,,,0,,,,,,,0,field_5bb49aae26abd,0,field_5bb49b0526abe,0,field_5bb49b2026abf,,,,,,,,,,,,
1849,simple,,"SKP-IOT 006",1,0,visible,,"Afbryder Connection-Open + Connection-Closed",,,taxable,,1,2,,0,0,,,,,0,,,0,IoT,,,,,,,,,,,,0,,,,,,,0,field_5bb49aae26abd,0,field_5bb49b0526abe,2,field_5bb49b2026abf,,,,,,,,,,,,
1882,simple,,"20 pole jumper cable",1,0,visible,,25cm,,,taxable,,1,2,,0,0,,,,,0,,,0,IoT,,,https://inventar.ats-skpdatait.dk/wp-content/uploads/2019/12/20-pole-jumper-cable.png,,,,,,,,,0,,,,,,,0,field_5bb49aae26abd,0,field_5bb49b0526abe,2,field_5bb49b2026abf,,,,,,,,,,,,
1884,simple,,"Battery holder",1,0,visible,,"3xAA kabler",,,taxable,,1,7,,0,0,,,,,0,,,0,IoT,,,https://inventar.ats-skpdatait.dk/wp-content/uploads/2019/12/battery-holder.jpg,,,,,,,,,0,,,,,,,0,field_5bb49aae26abd,0,field_5bb49b0526abe,7,field_5bb49b2026abf,,,,,,,,,,,,
1886,simple,,"Wire Jumpers",1,0,visible,,"Male to Female\n\n10 pcs",,,taxable,,1,35,,0,0,,,,,0,,,0,IoT,,,https://inventar.ats-skpdatait.dk/wp-content/uploads/2019/12/jumper-cable.jpg,,,,,,,,,0,,,,,,,0,field_5bb49aae26abd,0,field_5bb49b0526abe,35,field_5bb49b2026abf,,,,,,,,,,,,
1888,simple,,"Battery connecter",1,0,visible,,2xAA,,,taxable,,1,11,,0,0,,,,,0,,,0,IoT,,,https://inventar.ats-skpdatait.dk/wp-content/uploads/2019/12/battery-holder-2xaa.jpg,,,,,,,,,0,,,,,,,0,field_5bb49aae26abd,0,field_5bb49b0526abe,11,field_5bb49b2026abf,,,,,,,,,,,,
1982,simple,35,"USB til micro USB-B",1,0,visible,,,,,taxable,,1,38,,0,0,,,,,0,,,0,Tilbehør,,,https://inventar.ats-skpdatait.dk/wp-content/uploads/2020/01/usb-Bmicro.jpg,,,,,,,,,0,,,,,,,0,field_5bb49aae26abd,35,field_5bb49b0526abe,2,field_5bb49b2026abf,,,,,,,,,,,,
1984,simple,4,"HDMI til mini HDMI",1,0,visible,,,,,taxable,,1,6,,0,0,,,,,0,,,0,Tilbehør,,,https://inventar.ats-skpdatait.dk/wp-content/uploads/2020/01/hdmi_to_mini_hdhdmi_cable_1.jpg,,,,,,,,,0,,,,,,,1,field_5bb49aae26abd,4,field_5bb49b0526abe,5,field_5bb49b2026abf,,,,,,,,,,,,
1987,simple,,"Power Cord Extender",1,0,visible,,,,,taxable,,1,,,0,0,,,,,0,,,0,Tilbehør,,,https://inventar.ats-skpdatait.dk/wp-content/uploads/2020/01/58a8a9164826a509dc9863ac9ed8.jpg,,,,,,,,,0,,,,,,,0,field_5bb49aae26abd,0,field_5bb49b0526abe,4,field_5bb49b2026abf,,,,,,,,,,,,
1991,simple,3,"DVI til VGA",1,0,visible,,,,,taxable,,1,,,0,0,,,,,0,,,0,Tilbehør,,,https://inventar.ats-skpdatait.dk/wp-content/uploads/2020/01/maxxtro-bb-913-06-7612320111354.jpg,,,,,,,,,0,,,,,,,0,field_5bb49aae26abd,0,field_5bb49b0526abe,3,field_5bb49b2026abf,,,,,,,,,,,,
2004,simple,,"power cord adapter med 3 pol stik",1,0,visible,,,,,taxable,,1,,,0,0,,,,,0,,,0,Tilbehør,,,https://inventar.ats-skpdatait.dk/wp-content/uploads/2020/01/p014006-other01-l.jpg,,,,,,,,,0,,,,,,,0,field_5bb49aae26abd,0,field_5bb49b0526abe,1,field_5bb49b2026abf,,,,,,,,,,,,
2006,simple,,"Dell PowerEdge T140",1,0,visible,,"Dell PowerEdge T140\n\nXeon E-2124\n32GB Ram\n2 x 120GB SSD\n2 x 1TB HDD",,,taxable,,1,,,0,0,,,,,0,,,0,Computer,,,"https://inventar.ats-skpdatait.dk/wp-content/uploads/2020/01/original.jpg, https://inventar.ats-skpdatait.dk/wp-content/uploads/2020/01/61sIPAp8eAL._SL1200_.jpg",,,,,,,,,0,,,,,,,50,field_5bb49aae26abd,0,field_5bb49b0526abe,0,field_5bb49b2026abf,[],,,,,,,,,,,
2011,simple,,3D-Printer,1,0,visible,,"<h3><strong>Må kun returneres til servicedesken.</strong></h3>",,,taxable,,1,1,1,0,1,,,,,0,,,0,Periferiudstyr,,,https://inventar.ats-skpdatait.dk/wp-content/uploads/2020/01/ultimaker-s3-studio_55.jpg,,,,,,,,,0,,,,,,,0,field_5bb49aae26abd,0,field_5bb49b0526abe,1,field_5bb49b2026abf,,Lokation,Servicedesken,1,1,,,,,,,
2015,simple,,"POE Injector",1,0,visible,,,,,taxable,,1,5,,0,0,,,,,0,,,0,Netværk,,,https://inventar.ats-skpdatait.dk/wp-content/uploads/2020/01/2666907_f51586a422e9.jpg,,,,,,,,,0,,,,,,,0,field_5bb49aae26abd,2,field_5bb49b0526abe,3,field_5bb49b2026abf,,,,,,,,,,,,
2042,simple,,"AC power adapter",1,0,visible,,,,,taxable,,1,,,0,0,,,,,0,,,0,Tilbehør,,,https://inventar.ats-skpdatait.dk/wp-content/uploads/2020/01/0455_1_155_231.jpg,,,,,,,,,0,,,,,,,0,field_5bb49aae26abd,0,field_5bb49b0526abe,1,field_5bb49b2026abf,,,,,,,,,,,,
2044,simple,,"Seriel kabel",1,0,visible,,,,,taxable,,1,16,,0,0,,,,,0,,,0,Tilbehør,,,https://inventar.ats-skpdatait.dk/wp-content/uploads/2020/01/AVimg_26379.jpg,,,,,,,,,0,,,,,,,4,field_5bb49aae26abd,0,field_5bb49b0526abe,1,field_5bb49b2026abf,[],,,,,,,,,,,
2347,simple,,"Adafruit Airlift WiFi Shield",1,0,visible,,"Kan bruges til at koble din Ardurino til WiFi.",,,taxable,,1,1,,0,0,,,,,0,,,,IoT,,,https://inventar.ats-skpdatait.dk/wp-content/uploads/2020/02/Adafruit-4285-30155851-01.jpg,,,,,,,,,0,,,,,,,0,field_5bb49aae26abd,0,field_5bb49b0526abe,1,field_5bb49b2026abf,,,,,,,,,,,,
2377,simple,,"Photo Cell",1,0,visible,,,,,taxable,,1,,,0,0,,,,,0,,,,IoT,,,https://inventar.ats-skpdatait.dk/wp-content/uploads/2020/03/photocell.jpg,,,,,,,,,0,,,,,,,0,field_5bb49aae26abd,0,field_5bb49b0526abe,10,field_5bb49b2026abf,,,,,,,,,,,,
2391,simple,,"Arduino 4 Relays Shield",1,0,visible,,,,,taxable,,1,,,0,0,,,,,0,,,,IoT,,,https://inventar.ats-skpdatait.dk/wp-content/uploads/2020/03/relays-shield-4.jpg,,,,,,,,,0,,,,,,,0,field_5bb49aae26abd,0,field_5bb49b0526abe,10,field_5bb49b2026abf,,,,,,,,,,,,
2541,variation,,"Blæser - Bæbar blæser",1,0,visible,,,,,taxable,parent,1,,,0,0,,,,,0,,,0,,,,,,,id:503,,,,,,2,,,,,,,,,,,,,,Bærbar,"Bæbar blæser",,0,,,,,,,
2542,variation,,"Blæser - Computer blæser",1,0,visible,,,,,taxable,parent,1,,,0,0,,,,,0,,,0,,,,,,,id:503,,,,,,1,,,,,,,,,,,,,,Bærbar,"Computer blæser",,0,,,,,,,
2573,simple,147852369,"Lenovo TS140 ThinkServer",1,0,visible,,"<img class=""alignnone size-medium wp-image-2648"" src=""https://inventar.ats-skpdatait.dk/wp-content/uploads/2020/09/Lenovo-ts140-300x300.jpg"" alt="""" width=""300"" height=""300"" />",,,taxable,,1,6,,1,0,,,,,0,,,"0,00",Computer,,,https://inventar.ats-skpdatait.dk/wp-content/uploads/2020/09/Lenovo-ts140.jpg,,,,,,,,,0,,,,,,,7,field_5bb49aae26abd,0,field_5bb49b0526abe,0,field_5bb49b2026abf,[],,,,,,,,,,,
2645,simple,,"Cisco router  1800",1,0,visible,"<img class=""alignnone size-medium wp-image-2647"" src=""https://inventar.ats-skpdatait.dk/wp-content/uploads/2020/09/cisco-router-1800-300x158.jpg"" alt="""" width=""300"" height=""158"" />Cisco router 1800","<!--more-->Cisco router 1800",,,taxable,,1,9,,0,0,,,,,0,,,,Netværk,,,https://inventar.ats-skpdatait.dk/wp-content/uploads/2020/09/cisco-router-1800.jpg,,,,,,,,,0,,,,,,,5,field_5bb49aae26abd,0,field_5bb49b0526abe,0,field_5bb49b2026abf,[],,,,,,,,,,,
2963,simple,,"IMILAB Webcam",1,0,visible,"et Fuld HD Webkamera med indbygget mikrofon",,,,taxable,,1,8,,0,0,,,,,0,,,0,Periferiudstyr,,,https://inventar.ats-skpdatait.dk/wp-content/uploads/2021/03/Xiaomi_IMILAB_Web_Camera_2.jpg,,,,,,,,,0,,,,,,,0,field_5bb49aae26abd,0,field_5bb49b0526abe,4,field_5bb49b2026abf,[],,,,,,,,,,,
2967,simple,,"Logitech Z200 Højtalere",1,0,visible,"Logitech Højtalere",,,,taxable,,1,1,,0,0,,,,,0,,,0,Periferiudstyr,,,https://inventar.ats-skpdatait.dk/wp-content/uploads/2021/03/35c5b83c-4248-4379-9e1d-8a5b9edb4d22.jpg,,,,,,,,,0,,,,,,,0,field_5bb49aae26abd,0,field_5bb49b0526abe,2,field_5bb49b2026abf,,,,,,,,,,,,
3752,variable,,"Cisco Routere",1,0,visible,,"Cisco 1900 Series og Cisco 2900 Series Routere",,,taxable,,1,17,,0,0,,,,,0,,,,Netværk,,,https://inventar.ats-skpdatait.dk/wp-content/uploads/2021/11/1921-router.jpg,,,,,,,,,0,,,,,,,20,field_5bb49aae26abd,0,field_5bb49b0526abe,0,field_5bb49b2026abf,[],Router,"Cisco 1900 Series, Cisco 2900 Series",1,0,,,,,,,
3783,simple,,"Raspberry Pi 4 Udlåningssæt",1,0,visible,,"Der er 10 kasser. Hvert kasse indeholder 2 Raspberry Pi 4.\n\nKassen skal indeholde 2 sæt af:\n\n1x Raspberry Pi 4\n\n1x Tastatur\n\n1x Raspberry Pi Power Supply\n\n1x Mus\n\n1x Micro HDMI til HDMI A/F\n\n1x SD Kort\n\n1x Micro USB kabel",,,taxable,,1,6,2,0,0,,,,,0,,,0,Computer,,,,,,,,,,,,0,,,,,,,0,field_5bb49aae26abd,0,field_5bb49b0526abe,10,field_5bb49b2026abf,[],,,,,,,,,,,
3889,simple,,"Raspberry Pi 4 Kamera Kit",1,0,visible,,"Kit indholder: Raspberry Pi 4,  SD Kort (micro + mini), Raspberry Pi USB-C oplader, CGL Kamera linse, Raspberry Pi Kamera, Raspberry Pi 4 cover (+ kamera mount), micro hdmi til standard hdmi",,,taxable,,1,,,0,0,,,,,0,,,,Hardware,,,,,,,,,,,,0,,,,,,,0,field_5bb49aae26abd,0,field_5bb49b0526abe,1,field_5bb49b2026abf,[],,,,,,,,,,,
3892,simple,,"Raspberry Pi - Robotics Kit",1,0,visible,,,,,taxable,,1,,,0,0,,,,,0,,,,Tilbehør,,,,,,,,,,,,0,,,,,,,0,field_5bb49aae26abd,0,field_5bb49b0526abe,2,field_5bb49b2026abf,[],,,,,,,,,,,
3893,simple,,"Rasberry Pi 4",1,0,visible,,"Enkelt enhed\n\nUden Oplader",,,taxable,,1,,,0,0,,,,,0,,,,Computer,,,,,,,,,,,,0,,,,,,,0,field_5bb49aae26abd,0,field_5bb49b0526abe,2,field_5bb49b2026abf,[],,,,,,,,,,,
3894,simple,,"Rasberry Pi USB-C oplader/strømforsyning",1,0,visible,,,,,taxable,,1,,,0,0,,,,,0,,,,Tilbehør,,,,,,,,,,,,0,,,,,,,0,field_5bb49aae26abd,0,field_5bb49b0526abe,22,field_5bb49b2026abf,[],,,,,,,,,,,
3895,simple,,"Rasberry Pi 4 - Case/cover + kamera mount",1,0,visible,,,,,taxable,,1,,,0,0,,,,,0,,,,Tilbehør,,,,,,,,,,,,0,,,,,,,0,field_5bb49aae26abd,0,field_5bb49b0526abe,2,field_5bb49b2026abf,[],,,,,,,,,,,
3899,simple,,"SD Kort - 32 Gb",1,0,visible,,,,,taxable,,1,,,0,0,,,,,0,,,,IoT,,,,,,,,,,,,0,,,,,,,0,field_5bb49aae26abd,0,field_5bb49b0526abe,20,field_5bb49b2026abf,[],,,,,,,,,,,
3901,simple,,"MakerCase-Tower til Raspberry Pi 3B/3B+",1,0,visible,,,,,taxable,,1,,,0,0,,,,,0,,,,"IoT, Tilbehør",,,,,,,,,,,,0,,,,,,,0,field_5bb49aae26abd,0,field_5bb49b0526abe,21,field_5bb49b2026abf,[],,,,,,,,,,,
4125,variation,,"Strømstik - Servicedesken",1,0,visible,,,,,taxable,parent,1,,,0,0,,,,,0,,,0,,,,,,,id:397,,,,,,2,,,,,,,,,,,,,,Lokation,Servicedesken,,1,,,,,,,
4303,variation,,"LAN Kabler - 15m",1,0,visible,,,,,taxable,parent,1,6,,0,0,,,,,0,,,0,,,,,,,id:401,,,,,,10,,,,,,,,,,,,,,Længder,15m,,0,,,,,,,
4304,variation,,"LAN Kabler - 25cm kryds",1,0,visible,,,,,taxable,parent,1,33,,0,0,,,,,0,,,0,,,,,,,id:401,,,,,,2,,,,,,,,,,,,,,Længder,"25cm kryds",,0,,,,,,,
4305,variation,,"LAN Kabler - 50cm kryds",1,0,visible,,,,,taxable,parent,1,27,,0,0,,,,,0,,,0,,,,,,,id:401,,,,,,3,,,,,,,,,,,,,,Længder,"50cm kryds",,0,,,,,,,
4306,variation,,"LAN Kabler - 50cm",1,0,visible,,,,,taxable,parent,1,28,,0,0,,,,,0,,,0,,,,,,,id:401,,,,,,4,,,,,,,,,,,,,,Længder,50cm,,0,,,,,,,
4307,variation,,"LAN Kabler - 1m",1,0,visible,,,,,taxable,parent,1,62,,0,0,,,,,0,,,0,,,,,,,id:401,,,,,,5,,,,,,,,,,,,,,Længder,1m,,0,,,,,,,
4308,variation,,"LAN Kabler - 1,5m kryds",1,0,visible,,,,,taxable,parent,1,59,,0,0,,,,,0,,,0,,,,,,,id:401,,,,,,6,,,,,,,,,,,,,,Længder,"1\,5m kryds",,0,,,,,,,
4309,variation,,"LAN Kabler - 2m",1,0,visible,,,,,taxable,parent,1,1,,0,0,,,,,0,,,0,,,,,,,id:401,,,,,,7,,,,,,,,,,,,,,Længder,2m,,0,,,,,,,
4310,variation,,"LAN Kabler - 5m",1,0,visible,,,,,taxable,parent,1,12,,0,0,,,,,0,,,0,,,,,,,id:401,,,,,,8,,,,,,,,,,,,,,Længder,5m,,0,,,,,,,
4311,variation,,"LAN Kabler - 10m",1,0,visible,,,,,taxable,parent,1,6,,0,0,,,,,0,,,0,,,,,,,id:401,,,,,,9,,,,,,,,,,,,,,Længder,10m,,0,,,,,,,
4312,variation,,"LAN Kabler - 25cm",1,0,visible,,,,,taxable,parent,1,6,,0,0,,,,,0,,,0,,,,,,,id:401,,,,,,1,,,,,,,,,,,,,,Længder,25cm,,0,,,,,,,
4376,variation,,"Cisco Switch lag 3 - Catalyst 3560 PoE",1,0,visible,,,,,taxable,parent,1,59,,0,0,,,,,0,,,0,,,,,,,"05-13 +61",,,,,,4,,,,,,,,,,,,,,Switches,"Catalyst 3560 PoE",,0,,,,,,,
4377,variation,,"Cisco Switch lag 3 - Catalyst 3560",1,0,visible,,,,,taxable,parent,1,7,,0,0,,,,,0,,,0,,,,,,,"05-13 +61",,,,,,3,,,,,,,,,,,,,,Switches,"Catalyst 3560",,0,,,,,,,
4378,variation,,"Cisco Switch lag 3 - Catalyst 3750 PoE",1,0,visible,,,,,taxable,parent,0,,,0,0,,,,,0,,,0,,,,,,,"05-13 +61",,,,,,5,,,,,,,,,,,,,,Switches,"Catalyst 3750 PoE",,0,,,,,,,
4379,variation,,"Cisco Switch lag 3 - Catalyst 3750",1,0,visible,,,,,taxable,parent,1,,,0,0,,,,,0,,,0,,,,,,,"05-13 +61",,,,,,6,,,,,,,,,,,,,,Switches,"Catalyst 3750",,0,,,,,,,
4382,variation,,"Cisco Switch lag 3 - Catalyst 3550",1,0,visible,,,,,taxable,parent,1,1,,0,0,,,,,0,,,0,,,,,,,"05-13 +61",,,,,,2,,,,,,,,,,,,,,Switches,"Catalyst 3550",,0,,,,,,,
4387,variation,,"Strømstik - Techdesken",1,0,visible,,,,,taxable,parent,1,,,0,0,,,,,0,,,0,,,,,,,id:397,,,,,,0,,,,,,,,,,,,,,Lokation,Techdesken,,1,,,,,,,
4390,variation,,"Konsol Kabel - Med USB",1,0,visible,,,,,taxable,parent,0,,,0,0,,,,,0,,,0,,,,,,,SKP+PCACC+005,,,,,,0,,,,,,,,,,,,,,Variant,"Med USB",,0,,,,,,,
4391,variation,,"Konsol Kabel - Uden USB",1,0,visible,,,,,taxable,parent,1,,,0,0,,,,,0,,,0,,,,,,,SKP+PCACC+005,,,,,,2,,,,,,,,,,,,,,Variant,"Uden USB",,0,,,,,,,
4398,variation,,"Cisco Routere - Cisco 2900 Series",1,0,visible,,,,,taxable,parent,1,12,,0,0,,,,,0,,,0,,,,,,,id:3752,,,,,,1,,,,,,,,,,,,,,Router,"Cisco 2900 Series",,0,,,,,,,
4399,variation,,"Cisco Routere - Cisco 1900 Series",1,0,visible,,,,,taxable,parent,1,2,,0,0,,,,,0,,,0,,,,,,,id:3752,,,,,,2,,,,,,,,,,,,,,Router,"Cisco 1900 Series",,0,,,,,,,
4435,variation,,"Cisco Switch lag 2 - Cisco 2960 PoE Series",1,0,visible,,,,,taxable,parent,1,1,,0,0,,,,,0,,,0,,,,,,,SKP+NET+2960,,,,,,0,,,,,,,,,,,,,,Switch,"Cisco 2960 PoE Series",,0,,,,,,,
4436,variation,,"Cisco Switch lag 2 - Cisco 2960 Series",1,0,visible,,,,,taxable,parent,1,12,,0,0,,,,,0,,,0,,,,,,,SKP+NET+2960,,,,,,2,,,,,,,,,,,,,,Switch,"Cisco 2960 Series",,0,,,,,,,
4473,variation,,"Cisco Switch lag 3 - Catalyst 2960-X",1,0,visible,,,,,taxable,parent,1,,,0,0,,,,,0,,,0,,,,,,,"05-13 +61",,,,,,1,,,,,,,,,,,,,,Switches,"Catalyst 2960-X",,0,,,,,,,
